CustomerID,recency_days,frequency_invoices,monetary_value,country
12346.0,37,10,77387.1,United Kingdom
12347.0,28,2,1187.18,Iceland
12348.0,30,2,1120.24,Finland
12350.0,21,1,334.4,Norway
12352.0,8,1,296.5,Norway
12356.0,37,1,2271.62,Portugal
12358.0,443,1,1429.83,Austria
12359.0,16,4,3225.3,Cyprus
12360.0,367,1,118.00000000000001,Austria
12361.0,393,1,109.19999999999999,Belgium
12362.0,7,2,609.1,Belgium
12365.0,2,2,641.38,Cyprus
12370.0,69,3,2430.98,Cyprus
12372.0,8,1,399.22,Denmark
12373.0,23,2,802.5,Austria
12377.0,26,2,1628.12,Switzerland
12380.0,374,2,3017.3,Belgium
12383.0,42,2,1251.88,Belgium
12386.0,49,2,401.9,Australia
12388.0,16,2,555.35,Australia
12389.0,367,1,164.85,Australia
12391.0,367,2,750.49,Cyprus
12393.0,41,2,639.5,Australia
12395.0,13,3,911.43,Belgium
12396.0,386,1,931.43,RSA
12401.0,14,1,84.3,Belgium
12402.0,34,2,417.3,Belgium
12404.0,393,1,63.24,Finland
12406.0,408,1,881.2,Denmark
12410.0,20,2,693.3299999999999,Switzerland
12413.0,48,1,479.25,France
12414.0,21,1,153.76,Austria
12415.0,9,3,21115.9,Australia
12416.0,368,1,202.56,Australia
12417.0,30,5,1336.93,Belgium
12421.0,30,1,157.45,Spain
12422.0,36,3,975.75,Australia
12423.0,3,2,430.24,Belgium
12426.0,374,1,762.48,Germany
12427.0,83,1,303.5,Germany
12429.0,77,1,1281.5,Denmark
12431.0,7,6,2919.0,Belgium
12433.0,77,2,3787.12,Norway
12435.0,448,1,1008.0,Denmark
12437.0,21,6,3616.87,France
12439.0,394,2,1158.18,Cyprus
12440.0,429,1,568.51,Austria
12441.0,78,1,173.55,France
12443.0,443,1,485.31,Norway
12451.0,36,1,2919.5099999999998,Switzerland
12455.0,6,3,3335.33,Cyprus
12462.0,14,1,762.11,Spain
12464.0,21,1,213.89999999999998,Belgium
12466.0,393,1,56.73,France
12468.0,28,2,661.82,Germany
12470.0,401,1,211.95,Unspecified
12471.0,21,19,10246.02,Germany
12472.0,29,4,4492.07,Germany
12474.0,28,4,758.5,Germany
12476.0,10,3,722.23,Germany
12477.0,13,1,2355.9500000000003,Germany
12480.0,47,1,816.25,Germany
12481.0,48,3,1394.43,Germany
12483.0,50,3,936.6600000000001,Sweden
12484.0,47,3,1800.47,Spain
12487.0,442,1,285.29999999999995,Sweden
12489.0,48,1,334.93,France
12490.0,41,5,2373.68,France
12494.0,7,3,312.55,France
12500.0,7,5,1244.8,Germany
12501.0,48,1,2169.39,Germany
12502.0,21,1,617.25,Spain
12507.0,10,1,446.16,Spain
12510.0,36,6,3665.38,Spain
12515.0,64,1,383.7,Italy
12523.0,2,5,858.09,France
12524.0,3,3,1421.6299999999999,Germany
12527.0,6,2,284.92,Germany
12528.0,24,1,493.53000000000003,Germany
12530.0,48,1,387.40000000000003,Germany
12531.0,397,1,1807.98,Germany
12533.0,450,1,929.92,Germany
12539.0,28,4,8580.76,Spain
12540.0,22,7,3982.05,Spain
12549.0,393,4,1159.3700000000001,USA
12551.0,69,1,168.0,Spain
12553.0,5,2,706.61,France
12555.0,393,1,129.23,Spain
12557.0,44,3,5989.76,Spain
12559.0,22,2,561.71,Germany
12561.0,14,1,238.85,Germany
12567.0,20,4,3701.39,France
12570.0,393,1,77.52,Spain
12574.0,27,1,218.45,France
12576.0,16,1,266.85,Poland
12577.0,70,2,406.44,France
12578.0,41,1,1608.66,Italy
12583.0,13,4,2725.02,France
12585.0,63,1,1262.85,Germany
12586.0,435,1,422.35,Italy
12589.0,401,1,715.5,France
12591.0,28,1,452.84999999999997,Italy
12594.0,6,2,597.0,Italy
12599.0,16,1,201.86,France
12600.0,21,8,1835.8100000000002,Germany
12601.0,14,2,257.36,Germany
12606.0,393,1,21.0,Spain
12609.0,29,2,618.53,Germany
12613.0,437,1,1350.81,Germany
12616.0,8,1,255.6,France
12621.0,2,5,3193.33,Germany
12623.0,408,1,1579.72,Germany
12625.0,31,1,1716.62,Germany
12626.0,27,2,1274.1,Germany
12631.0,404,1,738.1800000000001,Finland
12636.0,450,1,141.0,USA
12637.0,35,1,1516.68,France
12643.0,44,1,871.1999999999999,France
12644.0,381,2,868.13,Germany
12645.0,28,2,742.9499999999999,Germany
12647.0,69,8,3765.03,Germany
12648.0,412,1,205.75,Germany
12649.0,405,2,385.5,Germany
12651.0,46,1,114.0,France
12652.0,42,1,919.98,France
12653.0,8,1,779.1,Israel
12654.0,7,1,166.6,Germany
12662.0,20,2,598.1800000000001,Germany
12663.0,379,1,153.75,Germany
12664.0,34,2,1210.66,Finland
12665.0,36,2,231.8,Germany
12668.0,24,3,3235.41,Germany
12670.0,378,1,225.60000000000002,France
12672.0,41,1,225.89999999999998,France
12673.0,38,1,220.9,Germany
12676.0,22,1,509.5,Sweden
12677.0,377,1,190.7,France
12678.0,64,4,2531.58,France
12681.0,23,11,8601.72,France
12682.0,22,11,5905.64,France
12683.0,37,6,3352.88,France
12686.0,83,1,89.14,France
12691.0,29,3,406.2,France
12693.0,31,1,162.05,Germany
12695.0,377,1,493.66,France
12703.0,396,1,557.53,Germany
12705.0,68,1,858.0,Germany
12707.0,3,1,603.42,France
12708.0,41,4,1010.1800000000001,Germany
12709.0,30,8,6033.2699999999995,Germany
12711.0,388,1,549.3,Germany
12712.0,23,6,1597.81,Germany
12714.0,6,3,3621.14,France
12720.0,15,4,1105.33,Germany
12721.0,15,2,741.62,France
12724.0,43,1,154.9,France
12725.0,82,1,427.8,Italy
12726.0,27,2,571.86,France
12727.0,8,3,2193.48,France
12728.0,44,1,252.54,France
12731.0,24,2,4246.33,France
12733.0,401,1,1130.22,USA
12734.0,64,1,110.39999999999999,France
12735.0,27,2,779.5699999999999,France
12736.0,44,1,234.0,France
12738.0,83,1,155.35,Germany
12744.0,30,1,2053.07,Singapore
12745.0,393,1,201.56,EIRE
12747.0,34,8,2301.31,United Kingdom
12748.0,1,62,8689.38,United Kingdom
12753.0,15,2,9325.83,Japan
12754.0,20,1,45.57,Japan
12755.0,77,3,3831.41,Japan
12758.0,449,1,2454.68,Portugal
12759.0,447,1,508.26,Netherlands
12763.0,80,1,320.08,Japan
12764.0,28,1,1693.88,Lebanon
12766.0,3,3,2809.42,Portugal
12775.0,22,1,214.45,Netherlands
12776.0,379,1,55.5,Portugal
12778.0,23,1,134.48,Netherlands
12779.0,20,4,1570.4,Poland
12782.0,29,2,1147.43,Portugal
12785.0,75,2,678.85,Portugal
12789.0,405,1,89.25,Netherlands
12791.0,85,1,192.60000000000002,Netherlands
12793.0,46,2,545.48,Portugal
12797.0,77,1,254.03,Portugal
12800.0,388,2,403.33000000000004,Portugal
12805.0,386,1,266.5,Netherlands
12808.0,80,1,129.4,Portugal
12810.0,388,1,159.66,Japan
12813.0,404,1,244.2,Netherlands
12820.0,38,3,653.75,United Kingdom
12823.0,8,2,722.5,United Kingdom
12826.0,28,4,1155.3,United Kingdom
12829.0,48,2,293.0,United Kingdom
12835.0,373,13,2031.55,United Kingdom
12836.0,23,4,1870.91,United Kingdom
12838.0,85,1,390.79,United Kingdom
12839.0,68,6,1832.53,United Kingdom
12840.0,385,1,150.0,United Kingdom
12841.0,8,7,1242.98,United Kingdom
12842.0,20,2,707.9300000000001,United Kingdom
12843.0,392,2,92.74,United Kingdom
12845.0,1,1,65.09,United Kingdom
12846.0,393,1,15.58,United Kingdom
12848.0,387,1,208.0,United Kingdom
12852.0,6,1,311.55,United Kingdom
12853.0,27,2,840.4,United Kingdom
12854.0,30,2,915.24,United Kingdom
12855.0,84,1,38.1,United Kingdom
12857.0,14,2,1006.2,United Kingdom
12860.0,404,1,55.47,United Kingdom
12867.0,9,4,1782.52,United Kingdom
12868.0,27,3,673.21,United Kingdom
12869.0,393,1,337.66999999999996,United Kingdom
12872.0,38,5,1547.56,United Kingdom
12873.0,393,1,492.4,United Kingdom
12875.0,74,2,599.0400000000001,United Kingdom
12877.0,41,3,549.75,United Kingdom
12891.0,4,2,63.0,United Kingdom
12897.0,13,1,128.8,United Kingdom
12898.0,371,1,158.32,United Kingdom
12905.0,393,1,593.66,United Kingdom
12908.0,24,1,318.0,United Kingdom
12913.0,12,5,1952.15,United Kingdom
12915.0,84,1,199.65,United Kingdom
12916.0,32,2,1227.18,United Kingdom
12917.0,441,1,1552.9,United Kingdom
12920.0,436,2,138.9,United Kingdom
12921.0,12,11,5420.85,United Kingdom
12924.0,39,4,338.54,United Kingdom
12926.0,436,1,390.66,United Kingdom
12928.0,70,1,392.34000000000003,United Kingdom
12929.0,23,1,117.85,United Kingdom
12931.0,9,9,4469.85,United Kingdom
12932.0,379,1,424.71999999999997,United Kingdom
12933.0,440,1,155.79,United Kingdom
12934.0,448,1,181.65,United Kingdom
12935.0,30,1,431.63,United Kingdom
12937.0,433,2,314.57,United Kingdom
12939.0,10,3,5804.28,United Kingdom
12941.0,436,1,377.49,United Kingdom
12942.0,77,1,258.75,United Kingdom
12944.0,66,1,286.95,United Kingdom
12945.0,367,1,437.16,United Kingdom
12947.0,48,2,605.7,United Kingdom
12948.0,442,2,252.48000000000002,United Kingdom
12949.0,371,4,3669.03,United Kingdom
12951.0,31,4,664.49,United Kingdom
12956.0,17,4,521.89,United Kingdom
12957.0,51,2,1521.63,United Kingdom
12960.0,373,1,413.67,United Kingdom
12963.0,77,1,365.8,United Kingdom
12967.0,69,2,1660.9,United Kingdom
12970.0,33,3,284.44,United Kingdom
12971.0,7,20,2370.52,United Kingdom
12972.0,372,1,469.51,United Kingdom
12975.0,445,1,441.63,United Kingdom
12976.0,376,1,377.62,United Kingdom
12978.0,399,3,1447.83,United Kingdom
12979.0,440,1,517.7,United Arab Emirates
12980.0,1,7,5426.22,United Kingdom
12986.0,399,1,303.87,United Kingdom
12987.0,400,1,282.33,United Kingdom
12988.0,3,1,535.32,United Kingdom
12989.0,9,8,2964.64,United Kingdom
12990.0,21,1,97.5,United Kingdom
12992.0,436,1,93.35000000000001,United Kingdom
12993.0,9,2,272.45,United Kingdom
12997.0,28,1,305.55,United Kingdom
13000.0,76,2,699.4,United Kingdom
13001.0,7,6,5983.360000000001,United Kingdom
13002.0,29,1,120.94999999999999,United Kingdom
13004.0,9,9,2997.83,United Kingdom
13008.0,34,2,418.78,United Kingdom
13009.0,384,1,234.0,United Kingdom
13011.0,83,1,50.550000000000004,United Kingdom
13012.0,6,1,377.27000000000004,United Kingdom
13013.0,83,3,2284.85,United Kingdom
13018.0,7,1,331.2,United Kingdom
13019.0,441,2,445.3,United Kingdom
13020.0,371,1,448.01,United Kingdom
13021.0,70,2,391.06,United Kingdom
13025.0,443,1,323.39,United Kingdom
13026.0,438,1,335.98,United Kingdom
13027.0,66,4,2592.0,United Kingdom
13029.0,64,1,382.5,United Kingdom
13030.0,79,1,427.74,United Kingdom
13033.0,68,1,190.55,United Kingdom
13034.0,80,1,165.86,United Kingdom
13036.0,396,1,307.1,United Kingdom
13037.0,401,2,604.69,United Kingdom
13038.0,2,1,395.1,United Kingdom
13039.0,433,1,162.8,United Kingdom
13042.0,386,2,1022.2,United Kingdom
13044.0,2,3,1180.47,United Kingdom
13047.0,21,6,1695.81,United Kingdom
13048.0,38,2,872.21,United Kingdom
13049.0,29,1,153.78,United Kingdom
13050.0,15,10,3105.29,United Kingdom
13064.0,38,1,203.3,United Kingdom
13065.0,84,1,205.86,United Kingdom
13068.0,31,1,165.0,United Kingdom
13069.0,19,6,1240.09,United Kingdom
13070.0,443,1,154.2,United Kingdom
13074.0,401,2,634.0,United Kingdom
13077.0,1,5,1217.28,United Kingdom
13078.0,7,13,6096.54,United Kingdom
13081.0,48,6,12867.84,United Kingdom
13082.0,49,3,571.62,United Kingdom
13085.0,6,7,2295.3,United Kingdom
13087.0,437,1,313.64,United Kingdom
13089.0,1,39,24704.32,United Kingdom
13090.0,41,4,1311.1599999999999,United Kingdom
13091.0,441,2,1976.0,United Kingdom
13092.0,71,2,633.5,United Kingdom
13093.0,22,15,13827.12,United Kingdom
13094.0,13,4,452.64000000000004,United Kingdom
13097.0,4,7,3453.85,United Kingdom
13098.0,16,2,893.6,United Kingdom
13101.0,392,1,168.54999999999998,United Kingdom
13102.0,20,7,1881.8,United Kingdom
13104.0,66,1,101.76,United Kingdom
13107.0,45,2,1173.1399999999999,United Kingdom
13108.0,84,1,350.06,United Kingdom
13110.0,22,3,823.6300000000001,United Kingdom
13111.0,430,1,321.88000000000005,United Kingdom
13113.0,2,5,2602.83,United Kingdom
13114.0,442,1,234.38,United Kingdom
13117.0,30,3,499.93,United Kingdom
13119.0,380,1,134.9,United Kingdom
13124.0,70,1,1256.32,United Kingdom
13126.0,50,3,547.31,United Kingdom
13131.0,380,1,651.41,United Kingdom
13133.0,15,1,52.35,United Kingdom
13136.0,442,1,549.09,United Kingdom
13137.0,20,1,217.93,United Kingdom
13138.0,83,1,193.23,United Kingdom
13140.0,77,1,159.51,United Kingdom
13141.0,26,5,2256.35,United Kingdom
13144.0,44,1,110.95,United Kingdom
13145.0,83,1,295.0,United Kingdom
13148.0,24,6,1946.3600000000001,United Kingdom
13151.0,7,1,1257.8700000000001,United Kingdom
13152.0,367,2,810.82,United Kingdom
13154.0,447,1,337.1,United Kingdom
13155.0,38,2,569.2,United Kingdom
13156.0,379,2,1239.6,United Kingdom
13157.0,9,1,197.82,United Kingdom
13158.0,30,1,256.40999999999997,United Kingdom
13161.0,24,1,112.75,United Kingdom
13162.0,46,6,4272.97,United Kingdom
13164.0,379,1,275.8,United Kingdom
13165.0,62,1,354.64,United Kingdom
13168.0,3,2,841.23,United Kingdom
13171.0,10,1,140.35,United Kingdom
13173.0,78,5,959.88,United Kingdom
13174.0,27,5,3655.44,United Kingdom
13175.0,447,1,319.15,United Kingdom
13178.0,7,5,3036.34,United Kingdom
13183.0,46,1,625.04,United Kingdom
13184.0,1,1,212.52,United Kingdom
13187.0,48,1,236.02,United Kingdom
13190.0,389,2,362.05,United Kingdom
13191.0,369,1,164.69,United Kingdom
13192.0,398,1,724.92,United Kingdom
13198.0,30,2,1184.74,United Kingdom
13199.0,8,13,2723.2200000000003,United Kingdom
13202.0,442,1,320.2,United Kingdom
13203.0,433,1,339.9,United Kingdom
13204.0,442,1,966.6600000000001,United Kingdom
13206.0,371,7,5044.23,United Kingdom
13208.0,20,2,229.57,United Kingdom
13209.0,37,3,687.5,United Kingdom
13211.0,72,2,346.54,United Kingdom
13217.0,367,1,132.5,United Kingdom
13221.0,71,1,498.16,United Kingdom
13223.0,377,1,216.60000000000002,United Kingdom
13225.0,49,5,5617.53,United Kingdom
13230.0,6,4,530.22,United Kingdom
13233.0,47,2,594.87,United Kingdom
13234.0,384,2,356.95,United Kingdom
13238.0,71,1,91.15,United Kingdom
13240.0,77,1,224.07,United Kingdom
13242.0,380,1,117.0,United Kingdom
13246.0,4,3,1083.56,United Kingdom
13249.0,396,1,76.4,United Kingdom
13253.0,50,2,1450.87,United Kingdom
13255.0,85,1,225.7,United Kingdom
13259.0,388,3,475.58,United Kingdom
13263.0,36,1,141.66,United Kingdom
13266.0,434,1,295.55,United Kingdom
13267.0,43,7,2323.51,United Kingdom
13269.0,72,5,1188.79,United Kingdom
13270.0,77,1,590.0,United Kingdom
13280.0,27,2,699.36,United Kingdom
13284.0,42,1,201.19,United Kingdom
13285.0,1,1,666.89,United Kingdom
13287.0,416,1,264.38,United Kingdom
13288.0,377,1,365.76,United Kingdom
13289.0,435,1,307.95,United Kingdom
13291.0,377,1,179.37,United Kingdom
13293.0,380,1,236.6,United Kingdom
13295.0,71,1,201.20000000000002,United Kingdom
13301.0,4,1,173.91,United Kingdom
13304.0,62,2,608.27,United Kingdom
13305.0,7,2,288.9,United Kingdom
13309.0,20,1,390.71,United Kingdom
13310.0,35,1,410.18,United Kingdom
13313.0,51,4,1003.29,United Kingdom
13315.0,400,1,310.26,United Kingdom
13317.0,70,4,1182.92,United Kingdom
13319.0,15,14,5499.05,United Kingdom
13324.0,24,2,1110.6,United Kingdom
13327.0,7,6,2340.7200000000003,United Kingdom
13328.0,27,1,1308.48,United Kingdom
13329.0,78,2,638.85,United Kingdom
13330.0,27,2,974.39,United Kingdom
13333.0,370,1,162.18,United Kingdom
13334.0,17,1,1660.44,United Kingdom
13338.0,415,1,757.1,United Kingdom
13340.0,366,2,6045.54,United Kingdom
13360.0,405,2,715.15,United Kingdom
13368.0,49,1,35.400000000000006,United Kingdom
13369.0,77,1,308.28000000000003,United Kingdom
13370.0,83,1,754.87,United Kingdom
13373.0,445,1,748.42,United Kingdom
13381.0,10,3,1396.5,United Kingdom
13382.0,443,1,255.04,United Kingdom
13385.0,41,1,534.57,United Kingdom
13392.0,389,1,91.14,United Kingdom
13393.0,367,3,888.37,United Kingdom
13394.0,21,5,1933.17,United Kingdom
13396.0,31,1,387.27000000000004,United Kingdom
13397.0,6,4,1317.91,United Kingdom
13402.0,83,1,308.28000000000003,United Kingdom
13403.0,435,1,78.6,United Kingdom
13405.0,29,2,306.51,United Kingdom
13407.0,373,1,1384.02,United Kingdom
13408.0,9,19,12328.072,United Kingdom
13410.0,2,3,933.16,United Kingdom
13413.0,398,1,17.49,United Kingdom
13414.0,8,1,390.0,United Kingdom
13415.0,439,1,483.42,United Kingdom
13416.0,448,1,228.3,United Kingdom
13417.0,381,1,604.1,United Kingdom
13418.0,70,6,2391.38,United Kingdom
13421.0,1,4,1644.53,United Kingdom
13425.0,6,1,401.57,United Kingdom
13426.0,48,4,1581.7,United Kingdom
13427.0,433,1,96.0,United Kingdom
13431.0,371,1,293.45,United Kingdom
13433.0,408,1,95.19999999999999,United Kingdom
13434.0,367,1,339.18,United Kingdom
13442.0,378,3,419.87,United Kingdom
13443.0,389,1,229.76999999999998,United Kingdom
13446.0,375,1,541.19,United Kingdom
13448.0,75,6,2478.94,United Kingdom
13451.0,45,1,401.49,United Kingdom
13453.0,1,1,185.0,United Kingdom
13455.0,78,3,1124.59,United Kingdom
13457.0,400,2,148.22,United Kingdom
13458.0,16,3,3493.9,United Kingdom
13459.0,394,1,630.79,United Kingdom
13462.0,401,2,377.52,United Kingdom
13468.0,13,16,3678.18,United Kingdom
13473.0,44,2,630.0,United Kingdom
13475.0,10,1,317.12,United Kingdom
13477.0,3,2,608.1,United Kingdom
13478.0,388,1,386.19,United Kingdom
13480.0,391,1,493.94,United Kingdom
13481.0,447,1,311.2,United Kingdom
13485.0,443,2,204.70000000000002,United Kingdom
13487.0,64,2,297.1,United Kingdom
13488.0,20,4,3746.49,United Kingdom
13489.0,6,1,77.28,United Kingdom
13491.0,22,10,1869.22,United Kingdom
13494.0,23,1,316.26000000000005,United Kingdom
13495.0,71,4,1685.34,United Kingdom
13496.0,71,1,501.01,United Kingdom
13497.0,80,2,370.45000000000005,United Kingdom
13498.0,441,1,327.38,United Kingdom
13502.0,35,1,114.6,United Kingdom
13503.0,372,2,931.02,United Kingdom
13506.0,27,2,458.52,United Kingdom
13510.0,388,2,655.58,United Kingdom
13511.0,388,1,282.76,United Kingdom
13513.0,366,1,299.64,United Kingdom
13514.0,393,1,346.3,United Kingdom
13520.0,36,4,2055.6,Switzerland
13523.0,77,1,566.95,United Kingdom
13526.0,450,2,1182.0,United Kingdom
13527.0,38,3,895.04,United Kingdom
13531.0,77,2,617.15,United Kingdom
13534.0,16,8,1029.75,United Kingdom
13538.0,27,3,970.34,United Kingdom
13539.0,20,1,164.1,United Kingdom
13540.0,367,2,369.25,United Kingdom
13542.0,375,4,725.15,United Kingdom
13543.0,398,1,588.45,United Kingdom
13551.0,30,2,244.2,United Kingdom
13552.0,27,3,1046.66,United Kingdom
13553.0,386,1,517.8,United Kingdom
13555.0,401,2,816.48,United Kingdom
13557.0,391,4,1026.32,United Kingdom
13562.0,385,3,1600.0,United Kingdom
13564.0,65,9,3721.51,United Kingdom
13565.0,45,1,110.17999999999999,United Kingdom
13569.0,79,1,118.32,United Kingdom
13571.0,367,2,271.43,United Kingdom
13576.0,2,7,2765.9900000000002,United Kingdom
13577.0,434,3,399.4,United Kingdom
13579.0,80,2,548.25,United Kingdom
13581.0,20,1,118.0,United Kingdom
13583.0,390,1,664.001,United Kingdom
13584.0,18,2,143.7,United Kingdom
13585.0,449,1,12.75,United Kingdom
13587.0,375,1,568.3,United Kingdom
13589.0,445,1,269.15,United Kingdom
13590.0,15,3,1234.48,United Kingdom
13591.0,436,1,53.2,United Kingdom
13593.0,47,1,559.85,United Kingdom
13599.0,48,6,2743.02,United Kingdom
13600.0,23,1,219.52,United Kingdom
13604.0,370,1,717.62,United Kingdom
13606.0,23,1,70.02,United Kingdom
13610.0,393,2,461.03000000000003,United Kingdom
13611.0,71,2,641.08,United Kingdom
13613.0,372,1,468.0,United Kingdom
13614.0,42,1,205.75,United Kingdom
13615.0,30,2,1225.84,United Kingdom
13616.0,402,1,182.25,United Kingdom
13619.0,385,1,102.74,United Kingdom
13622.0,408,1,658.95,United Kingdom
13623.0,9,3,1206.04,United Kingdom
13627.0,69,1,311.19,United Kingdom
13628.0,387,1,310.14,United Kingdom
13629.0,22,3,2085.0,United Kingdom
13634.0,38,3,802.3000000000001,United Kingdom
13635.0,436,2,797.15,United Kingdom
13641.0,430,4,781.86,United Kingdom
13643.0,443,1,311.8,United Kingdom
13648.0,381,2,573.53,United Kingdom
13649.0,77,1,197.8,United Kingdom
13650.0,394,1,505.13,United Kingdom
13652.0,80,1,308.8,United Kingdom
13654.0,449,1,159.98000000000002,United Kingdom
13656.0,48,1,162.70000000000002,United Kingdom
13658.0,384,1,982.26,United Kingdom
13659.0,32,2,1466.43,United Kingdom
13662.0,370,2,300.47,United Kingdom
13666.0,447,1,19.5,United Kingdom
13668.0,7,6,2580.38,United Kingdom
13672.0,12,3,419.92,United Kingdom
13679.0,446,1,126.8,United Kingdom
13680.0,49,7,7261.43,United Kingdom
13693.0,396,5,904.41,United Kingdom
13694.0,1,35,52453.21,United Kingdom
13696.0,377,1,306.0,United Kingdom
13698.0,393,1,184.3,United Kingdom
13700.0,39,4,237.56,United Kingdom
13703.0,30,1,99.5,United Kingdom
13705.0,85,1,318.14,United Kingdom
13706.0,14,1,330.79,United Kingdom
13707.0,27,1,583.41,United Kingdom
13709.0,26,2,781.44,United Kingdom
13711.0,395,4,1019.9,United Kingdom
13715.0,50,4,941.85,United Kingdom
13717.0,10,1,298.05,United Kingdom
13718.0,7,1,114.05000000000001,United Kingdom
13725.0,4,3,1304.63,United Kingdom
13727.0,413,2,223.65,United Kingdom
13728.0,22,4,682.42,United Kingdom
13729.0,395,1,357.88,United Kingdom
13733.0,446,1,149.10000000000002,United Kingdom
13735.0,399,2,1028.07,United Kingdom
13736.0,445,1,720.79,United Kingdom
13740.0,449,1,311.69,United Kingdom
13742.0,11,2,995.28,United Kingdom
13744.0,3,1,893.16,United Kingdom
13747.0,85,1,79.6,United Kingdom
13748.0,85,2,377.1,United Kingdom
13750.0,8,2,688.8000000000001,United Kingdom
13753.0,448,1,642.2,United Kingdom
13754.0,28,1,156.0,United Kingdom
13756.0,70,5,1413.5400000000002,United Kingdom
13757.0,386,1,195.55,United Kingdom
13758.0,46,7,4136.9,United Kingdom
13761.0,368,1,311.9,United Kingdom
13762.0,410,1,447.36,United Kingdom
13764.0,48,1,499.89,United Kingdom
13767.0,2,18,8508.09,United Kingdom
13768.0,438,2,875.97,United Kingdom
13769.0,37,4,1145.18,United Kingdom
13770.0,441,1,174.33,United Kingdom
13773.0,371,1,91.4,United Kingdom
13777.0,7,20,15929.08,United Kingdom
13781.0,432,1,314.44,United Kingdom
13782.0,39,3,459.92,United Kingdom
13783.0,384,1,488.88,United Kingdom
13784.0,23,3,329.64,United Kingdom
13786.0,78,2,953.49,United Kingdom
13787.0,75,3,507.83,United Kingdom
13798.0,4,20,16549.12,United Kingdom
13799.0,5,1,341.7,United Kingdom
13800.0,21,2,1037.02,United Kingdom
13802.0,23,2,1374.5,United Kingdom
13804.0,1,1,723.63,United Kingdom
13807.0,78,2,220.55,United Kingdom
13809.0,17,1,155.05,Cyprus
13813.0,379,2,567.13,Germany
13815.0,30,2,1750.87,Germany
13817.0,63,1,128.7,Germany
13819.0,13,6,2642.35,United Kingdom
13820.0,392,1,235.12,United Kingdom
13821.0,405,3,692.2,United Kingdom
13823.0,384,2,924.48,United Kingdom
13824.0,22,1,442.88,United Kingdom
13825.0,441,1,143.36,United Kingdom
13831.0,81,6,2439.52,United Kingdom
13834.0,381,1,202.45,United Kingdom
13837.0,29,1,113.7,United Kingdom
13838.0,81,1,238.11,United Kingdom
13842.0,21,6,1271.67,United Kingdom
13846.0,71,1,411.4,United Kingdom
13847.0,431,1,310.72,United Kingdom
13848.0,9,3,1415.0,United Kingdom
13851.0,391,1,199.29999999999998,United Kingdom
13854.0,1,10,3046.63,United Kingdom
13855.0,432,2,809.1,United Kingdom
13859.0,37,1,201.16,United Kingdom
13862.0,2,2,678.85,United Kingdom
13865.0,1,1,123.30000000000001,United Kingdom
13869.0,24,3,2156.19,United Kingdom
13870.0,381,1,611.54,United Kingdom
13871.0,20,2,1010.0500000000001,United Kingdom
13872.0,437,1,252.12,United Kingdom
13873.0,21,1,121.45,United Kingdom
13874.0,69,2,690.8,United Kingdom
13875.0,12,3,955.62,United Kingdom
13877.0,401,1,154.83,United Kingdom
13880.0,8,2,308.0,United Kingdom
13881.0,23,1,1025.34,United Kingdom
13883.0,442,1,24.65,United Kingdom
13889.0,397,1,319.38,United Kingdom
13890.0,70,2,404.0,United Kingdom
13893.0,9,1,821.1,United Kingdom
13894.0,22,1,160.85,United Kingdom
13895.0,448,1,831.0,United Kingdom
13897.0,388,1,482.67,United Kingdom
13898.0,37,1,155.93,United Kingdom
13901.0,30,3,1089.99,United Kingdom
13902.0,372,4,27228.96,Denmark
13904.0,6,1,201.12,United Kingdom
13905.0,444,1,312.65,United Kingdom
13907.0,403,1,136.8,United Kingdom
13911.0,9,2,559.27,United Kingdom
13916.0,387,1,364.5,United Kingdom
13921.0,433,1,102.75,United Kingdom
13922.0,63,1,172.25,United Kingdom
13929.0,37,3,843.47,United Kingdom
13931.0,436,3,1630.06,United Kingdom
13932.0,6,1,307.4,United Kingdom
13939.0,23,1,184.5,United Kingdom
13941.0,9,4,3232.1,United Kingdom
13946.0,447,1,280.2,United Kingdom
13948.0,72,2,257.65,United Kingdom
13951.0,5,1,212.56,United Kingdom
13952.0,370,2,3387.51,United Kingdom
13953.0,64,3,1625.0,United Kingdom
13955.0,17,1,205.1,United Kingdom
13957.0,370,1,102.84,United Kingdom
13958.0,446,2,811.5500000000001,United Kingdom
13959.0,73,1,214.74,United Kingdom
13963.0,19,4,664.54,United Kingdom
13965.0,380,2,786.01,United Kingdom
13969.0,34,2,662.83,United Kingdom
13971.0,394,1,267.21999999999997,United Kingdom
13975.0,387,1,553.66,United Kingdom
13976.0,380,1,275.41,United Kingdom
13979.0,448,1,203.78,United Kingdom
13980.0,367,1,216.9,United Kingdom
13982.0,38,3,1739.25,United Kingdom
13983.0,17,6,2257.51,United Kingdom
13984.0,36,5,654.52,United Kingdom
13985.0,379,1,224.35,United Kingdom
13993.0,1,4,1592.65,United Kingdom
13995.0,433,1,143.7,United Kingdom
13999.0,34,5,1623.05,United Kingdom
14000.0,449,1,192.0,United Kingdom
14001.0,85,1,301.24,United Kingdom
14003.0,444,1,209.41,United Kingdom
14006.0,23,1,304.44,United Kingdom
14016.0,68,3,2684.63,EIRE
14030.0,16,8,3028.87,United Kingdom
14031.0,35,13,11104.45,United Kingdom
14032.0,67,5,1542.4,United Kingdom
14035.0,9,1,301.6,United Kingdom
14037.0,76,3,569.02,United Kingdom
14038.0,385,1,704.5500000000001,United Kingdom
14040.0,25,9,3383.34,United Kingdom
14042.0,436,1,431.98,United Kingdom
14043.0,440,1,164.31,United Kingdom
14044.0,21,2,418.91,United Kingdom
14045.0,49,4,1647.75,United Kingdom
14047.0,48,3,824.46,United Kingdom
14048.0,16,1,409.93,United Kingdom
14049.0,29,1,1031.83,United Kingdom
14051.0,8,9,4711.4800000000005,United Kingdom
14055.0,434,1,274.32,United Kingdom
14057.0,6,4,1669.24,United Kingdom
14060.0,2,6,1931.46,United Kingdom
14061.0,435,2,553.4300000000001,United Kingdom
14062.0,34,7,6072.57,United Kingdom
14063.0,398,7,9471.5,United Kingdom
14064.0,399,1,412.15,United Kingdom
14068.0,31,2,753.62,United Kingdom
14070.0,396,1,326.55,United Kingdom
14072.0,378,1,390.85,United Kingdom
14078.0,85,1,136.24,United Kingdom
14079.0,393,1,243.63,United Kingdom
14080.0,441,2,414.65,United Kingdom
14081.0,13,8,3340.4,United Kingdom
14082.0,76,1,182.25,United Kingdom
14083.0,65,4,524.06,United Kingdom
14085.0,21,11,4132.14,United Kingdom
14087.0,446,1,236.69,United Kingdom
14088.0,34,1,7544.91,United Kingdom
14090.0,36,1,76.32000000000001,United Kingdom
14091.0,409,1,5520.0,United Kingdom
14092.0,33,5,1345.28,United Kingdom
14095.0,434,1,2.95,United Kingdom
14099.0,6,5,1624.0900000000001,United Kingdom
14101.0,6,2,1844.03,United Kingdom
14105.0,432,1,646.3000000000001,United Kingdom
14106.0,448,1,214.79999999999998,United Kingdom
14107.0,7,3,784.35,United Kingdom
14108.0,442,2,447.05,United Kingdom
14110.0,389,3,980.97,United Kingdom
14113.0,66,6,1854.69,United Kingdom
14114.0,42,1,195.13,United Kingdom
14115.0,378,1,117.80000000000001,United Kingdom
14119.0,429,1,66.48,United Kingdom
14122.0,440,2,131.58999999999997,United Kingdom
14123.0,444,1,436.18,United Kingdom
14127.0,22,1,314.63,United Kingdom
14130.0,30,2,842.1800000000001,United Kingdom
14133.0,27,2,623.5,United Kingdom
14134.0,366,4,2805.14,United Kingdom
14135.0,38,9,3301.11,United Kingdom
14136.0,405,2,609.1800000000001,United Kingdom
14137.0,407,1,332.7,United Kingdom
14142.0,84,1,311.81,United Kingdom
14146.0,68,3,2375.54,United Kingdom
14150.0,71,1,306.18,United Kingdom
14151.0,384,2,679.45,United Kingdom
14152.0,370,1,301.31,United Kingdom
14154.0,407,1,530.34,United Kingdom
14156.0,1,32,97639.32,EIRE
14159.0,74,3,860.62,United Kingdom
14160.0,366,4,6617.24,United Kingdom
14161.0,81,2,788.28,United Kingdom
14162.0,4,1,177.68,United Kingdom
14167.0,42,2,300.3,United Kingdom
14171.0,441,1,135.0,United Kingdom
14173.0,442,1,23.6,United Kingdom
14175.0,41,1,322.58,United Kingdom
14176.0,9,4,576.9000000000001,United Kingdom
14180.0,8,9,1853.52,United Kingdom
14185.0,42,1,197.65,United Kingdom
14188.0,21,1,398.0,United Kingdom
14189.0,29,3,950.78,United Kingdom
14190.0,377,1,79.9,United Kingdom
14191.0,440,1,15.9,United Kingdom
14194.0,19,3,1681.77,United Kingdom
14198.0,372,2,282.89,United Kingdom
14201.0,71,1,67.24000000000001,United Kingdom
14204.0,449,1,371.27000000000004,United Kingdom
14207.0,399,1,157.8,United Kingdom
14209.0,44,2,604.9,United Kingdom
14210.0,8,4,1605.3,United Kingdom
14211.0,6,3,553.6,United Kingdom
14215.0,26,5,2181.2200000000003,United Kingdom
14217.0,22,4,378.8,United Kingdom
14220.0,69,1,312.98,United Kingdom
14221.0,50,1,312.95,United Kingdom
14224.0,31,1,244.3,United Kingdom
14225.0,407,1,643.5,United Kingdom
14227.0,381,1,438.03,United Kingdom
14229.0,3,2,762.13,United Kingdom
14233.0,22,2,630.95,United Kingdom
14236.0,83,1,189.3,United Kingdom
14237.0,85,1,161.0,United Kingdom
14238.0,37,3,434.23,United Kingdom
14239.0,27,6,852.69,United Kingdom
14241.0,407,1,120.0,United Kingdom
14242.0,37,1,138.35,United Kingdom
14243.0,29,3,800.4,United Kingdom
14244.0,372,1,366.41999999999996,United Kingdom
14248.0,29,1,302.58,United Kingdom
14249.0,390,1,327.95,United Kingdom
14256.0,76,2,1477.3600000000001,United Kingdom
14257.0,30,1,620.14,United Kingdom
14258.0,10,6,10507.66,United Kingdom
14270.0,43,1,492.65000000000003,United Kingdom
14274.0,398,1,256.6,United Kingdom
14276.0,1,2,649.09,United Kingdom
14277.0,406,2,587.87,France
14279.0,392,1,110.5,United Kingdom
14282.0,79,2,1468.0,United Kingdom
14285.0,370,2,427.84999999999997,United Kingdom
14286.0,447,1,1610.52,United Kingdom
14289.0,1,1,322.24,United Kingdom
14290.0,73,2,1648.19,United Kingdom
14291.0,442,1,408.51,United Kingdom
14293.0,16,5,1767.3700000000001,United Kingdom
14295.0,442,2,598.85,United Kingdom
14298.0,7,17,13178.94,United Kingdom
14299.0,29,9,4981.84,United Kingdom
14301.0,378,1,307.25,United Kingdom
14302.0,374,2,471.25,United Kingdom
14306.0,388,1,302.08,United Kingdom
14307.0,35,4,1796.09,United Kingdom
14309.0,7,3,588.39,United Kingdom
14312.0,22,2,436.37,United Kingdom
14320.0,44,3,914.72,United Kingdom
14321.0,45,1,326.82,United Kingdom
14322.0,371,1,118.2,United Kingdom
14324.0,405,1,361.81,United Kingdom
14327.0,385,2,636.36,United Kingdom
14329.0,40,3,2496.0,United Kingdom
14334.0,31,2,672.57,United Kingdom
14341.0,29,6,1243.16,United Kingdom
14343.0,401,1,250.15,United Kingdom
14344.0,69,3,355.65000000000003,United Kingdom
14346.0,8,1,262.44,United Kingdom
14347.0,448,1,82.6,United Kingdom
14355.0,77,1,174.4,United Kingdom
14365.0,393,1,324.5,United Kingdom
14368.0,31,1,155.0,United Kingdom
14369.0,373,1,169.69,United Kingdom
14370.0,388,1,257.05,United Kingdom
14371.0,6,1,100.5,United Kingdom
14373.0,69,1,76.55,United Kingdom
14376.0,394,1,215.46,United Kingdom
14379.0,6,1,110.98,United Kingdom
14380.0,393,1,48.96,United Kingdom
14386.0,8,1,142.4,United Kingdom
14388.0,84,2,635.09,United Kingdom
14390.0,84,1,223.7,United Kingdom
14395.0,45,2,689.36,United Kingdom
14396.0,82,3,886.16,United Kingdom
14399.0,386,1,458.4,United Kingdom
14401.0,26,5,1576.8600000000001,United Kingdom
14404.0,38,5,806.46,United Kingdom
14408.0,444,1,321.00000000000006,United Kingdom
14409.0,30,3,666.1,United Kingdom
14410.0,17,1,137.65,United Kingdom
14411.0,22,1,1063.0,United Kingdom
14413.0,74,3,588.2,United Kingdom
14414.0,70,1,217.2,United Kingdom
14415.0,15,5,2817.33,United Kingdom
14419.0,76,1,124.1,United Kingdom
14420.0,403,1,400.8,United Kingdom
14421.0,395,2,1021.5,United Kingdom
14422.0,379,3,1223.63,United Kingdom
14423.0,406,1,244.79999999999998,United Kingdom
14425.0,434,2,422.29,United Kingdom
14426.0,24,2,701.17,United Kingdom
14428.0,36,1,203.55,United Kingdom
14431.0,14,2,1007.61,United Kingdom
14437.0,77,1,63.0,United Kingdom
14438.0,17,1,131.9,United Kingdom
14439.0,31,3,6600.32,Greece
14440.0,28,4,2718.16,United Kingdom
14441.0,402,1,369.44,United Kingdom
14442.0,28,2,1514.33,Channel Islands
14443.0,21,2,608.4,United Kingdom
14448.0,75,1,102.35000000000001,United Kingdom
14449.0,83,1,210.24,United Kingdom
14450.0,32,1,161.03,United Kingdom
14451.0,378,2,389.48,United Kingdom
14454.0,382,2,323.9,United Kingdom
14457.0,22,1,113.64,United Kingdom
14460.0,22,3,251.4,United Kingdom
14461.0,402,1,308.39,United Kingdom
14462.0,19,3,456.52,United Kingdom
14465.0,14,4,1295.22,United Kingdom
14466.0,20,5,1340.5,United Kingdom
14467.0,24,2,241.54,United Kingdom
14468.0,445,1,204.24,United Kingdom
14469.0,391,1,439.15000000000003,United Kingdom
14471.0,444,1,208.82999999999998,United Kingdom
14472.0,46,3,905.52,United Kingdom
14475.0,16,1,306.55,United Kingdom
14477.0,8,2,330.0,United Kingdom
14478.0,394,2,578.68,United Kingdom
14479.0,77,2,529.53,United Kingdom
14480.0,429,1,303.85,United Kingdom
14481.0,389,1,416.32,United Kingdom
14483.0,448,1,120.0,United Kingdom
14484.0,434,1,435.45,United Kingdom
14487.0,80,1,125.10000000000001,United Kingdom
14491.0,84,1,127.2,United Kingdom
14494.0,443,1,114.3,United Kingdom
14495.0,371,1,51.0,United Kingdom
14496.0,23,2,538.8100000000001,United Kingdom
14497.0,20,2,697.0600000000001,United Kingdom
14498.0,73,1,166.22,United Kingdom
14501.0,31,1,66.93,United Kingdom
14502.0,3,2,453.59000000000003,United Kingdom
14505.0,48,5,3065.73,United Kingdom
14506.0,80,1,269.7,United Kingdom
14507.0,440,1,171.5,United Kingdom
14512.0,443,1,153.28,United Kingdom
14514.0,42,3,1648.88,United Kingdom
14519.0,395,2,206.09,United Kingdom
14520.0,2,1,165.0,United Kingdom
14522.0,395,1,200.20000000000002,United Kingdom
14524.0,72,1,275.45,United Kingdom
14525.0,38,5,1487.49,United Kingdom
14527.0,9,30,11501.38,United Kingdom
14530.0,8,2,897.79,United Kingdom
14532.0,25,4,1189.6200000000001,United Kingdom
14533.0,64,1,433.5,United Kingdom
14534.0,9,3,770.73,United Kingdom
14538.0,394,1,452.6,United Kingdom
14540.0,20,5,1339.81,United Kingdom
14541.0,27,3,681.98,United Kingdom
14543.0,7,8,3428.75,United Kingdom
14544.0,73,1,1121.92,United Kingdom
14545.0,385,1,349.25,United Kingdom
14546.0,382,2,1032.64,United Kingdom
14548.0,29,3,1006.68,United Kingdom
14549.0,22,2,605.46,United Kingdom
14551.0,393,1,148.85,United Kingdom
14553.0,50,1,201.94,United Kingdom
14555.0,13,2,488.59000000000003,United Kingdom
14556.0,400,1,348.71,United Kingdom
14558.0,391,2,388.05,United Kingdom
14560.0,14,11,2320.32,United Kingdom
14562.0,15,2,392.55,United Kingdom
14564.0,447,1,989.18,Channel Islands
14565.0,73,1,1167.41,United Kingdom
14572.0,35,1,335.63,United Kingdom
14573.0,83,2,649.9,United Kingdom
14574.0,444,1,143.70000000000002,United Kingdom
14576.0,83,1,35.400000000000006,United Kingdom
14577.0,74,3,670.64,United Kingdom
14584.0,371,1,194.63,United Kingdom
14587.0,16,3,523.92,United Kingdom
14589.0,83,1,39.75,United Kingdom
14590.0,381,7,1098.02,United Kingdom
14593.0,379,3,799.75,United Kingdom
14594.0,84,1,255.0,United Kingdom
14595.0,25,2,366.15000000000003,United Kingdom
14600.0,17,1,393.33000000000004,United Kingdom
14602.0,367,1,205.35999999999999,United Kingdom
14605.0,442,2,216.25,United Kingdom
14606.0,3,47,8261.42,United Kingdom
14607.0,384,4,5111.91,United Kingdom
14608.0,73,3,785.22,United Kingdom
14609.0,8,2,197.28,United Kingdom
14613.0,392,1,76.32000000000001,United Kingdom
14616.0,29,1,237.60000000000002,United Kingdom
14618.0,49,1,211.8,United Kingdom
14621.0,70,2,824.05,United Kingdom
14625.0,72,3,1619.6000000000001,United Kingdom
14626.0,413,2,768.98,United Kingdom
14628.0,394,1,379.13,United Kingdom
14631.0,10,1,309.5,United Kingdom
14637.0,388,1,106.67999999999999,United Kingdom
14639.0,3,3,1980.6000000000001,United Kingdom
14640.0,397,1,286.18,United Kingdom
14643.0,69,2,708.62,United Kingdom
14644.0,9,2,526.0,United Kingdom
14646.0,1,22,116417.41,Netherlands
14648.0,385,2,485.1,United Kingdom
14649.0,400,1,529.01,United Kingdom
14653.0,49,4,1470.84,United Kingdom
14654.0,450,1,246.86,United Kingdom
14657.0,37,1,416.08,United Kingdom
14659.0,9,2,774.97,United Kingdom
14662.0,27,2,211.75,United Kingdom
14665.0,8,3,731.66,United Kingdom
14667.0,3,13,4999.42,United Kingdom
14669.0,44,5,2308.38,United Kingdom
14670.0,443,1,190.47,United Kingdom
14672.0,47,2,441.14,United Kingdom
14673.0,79,1,373.49,United Kingdom
14679.0,442,1,438.74,United Kingdom
14680.0,6,15,13999.94,United Kingdom
14682.0,383,1,387.02,United Kingdom
14684.0,74,1,168.36,United Kingdom
14685.0,381,6,3140.02,United Kingdom
14686.0,370,2,316.97,United Kingdom
14688.0,2,5,1491.3700000000001,United Kingdom
14692.0,11,2,380.85,United Kingdom
14695.0,444,2,984.03,United Kingdom
14696.0,37,2,588.25,United Kingdom
14701.0,9,3,1155.65,United Kingdom
14702.0,6,8,2198.25,United Kingdom
14708.0,80,1,419.06,United Kingdom
14709.0,28,5,1730.3,United Kingdom
14710.0,441,2,73.5,United Kingdom
14713.0,34,5,997.3199999999999,United Kingdom
14714.0,399,1,149.0,United Kingdom
14715.0,10,3,533.88,United Kingdom
14717.0,445,1,81.3,United Kingdom
14723.0,69,4,612.63,United Kingdom
14729.0,85,1,313.49,United Kingdom
14732.0,50,6,1510.79,United Kingdom
14733.0,14,6,6940.72,United Kingdom
14735.0,21,11,2355.56,United Kingdom
14737.0,64,1,434.0,United Kingdom
14738.0,27,2,515.97,United Kingdom
14739.0,50,6,2929.73,United Kingdom
14741.0,73,2,495.3,United Kingdom
14744.0,9,5,928.03,United Kingdom
14748.0,80,2,470.42,United Kingdom
14750.0,447,1,112.03,United Kingdom
14751.0,396,2,126.45,United Kingdom
14754.0,7,2,587.43,United Kingdom
14755.0,8,5,1741.23,United Kingdom
14760.0,8,1,89.2,United Kingdom
14761.0,46,1,97.5,United Kingdom
14766.0,77,1,180.4,United Kingdom
14769.0,36,4,2349.37,United Kingdom
14770.0,34,1,278.6,United Kingdom
14771.0,448,1,287.37,United Kingdom
14775.0,83,1,406.56,United Kingdom
14776.0,24,1,558.36,United Kingdom
14778.0,20,1,334.05,United Kingdom
14779.0,34,2,348.15,United Kingdom
14782.0,31,1,200.10000000000002,United Kingdom
14783.0,370,1,307.3,United Kingdom
14784.0,35,1,114.68,United Kingdom
14790.0,430,2,567.96,United Kingdom
14794.0,45,1,179.1,United Kingdom
14796.0,3,7,2480.14,United Kingdom
14798.0,21,1,75.68,United Kingdom
14799.0,449,1,180.45,United Kingdom
14800.0,46,3,1757.84,United Kingdom
14803.0,4,1,542.15,United Kingdom
14805.0,25,1,109.25,United Kingdom
14810.0,18,3,463.64,United Kingdom
14813.0,81,2,155.43,United Kingdom
14819.0,429,1,30.64,United Kingdom
14820.0,389,1,115.2,United Kingdom
14821.0,78,3,138.25,United Kingdom
14825.0,8,3,637.77,United Kingdom
14826.0,407,1,177.9,United Kingdom
14828.0,48,4,3566.36,United Kingdom
14829.0,72,2,385.33,United Kingdom
14831.0,391,3,1676.57,United Kingdom
14837.0,396,1,277.68,United Kingdom
14838.0,448,1,119.10000000000001,United Kingdom
14839.0,415,1,425.06,United Kingdom
14841.0,70,4,1610.96,United Kingdom
14842.0,19,1,310.0,United Kingdom
14849.0,9,10,2441.11,United Kingdom
14850.0,23,1,325.75,United Kingdom
14854.0,398,1,302.06,United Kingdom
14861.0,384,3,606.36,United Kingdom
14865.0,83,2,68.4,United Kingdom
14866.0,77,1,103.67999999999999,United Kingdom
14867.0,47,4,724.58,United Kingdom
14869.0,374,2,1142.41,United Kingdom
14870.0,395,1,332.55,United Kingdom
14871.0,72,3,460.05,United Kingdom
14878.0,4,5,884.9300000000001,United Kingdom
14879.0,396,1,185.06,United Kingdom
14884.0,381,1,120.6,United Kingdom
14889.0,47,1,135.9,United Kingdom
14890.0,371,1,301.78999999999996,United Kingdom
14892.0,402,1,202.35000000000002,United Kingdom
14894.0,449,1,299.70000000000005,United Kingdom
14895.0,2,4,5772.99,United Kingdom
14896.0,77,3,879.27,United Kingdom
14897.0,8,2,476.66,United Kingdom
14898.0,14,5,1092.71,United Kingdom
14901.0,72,3,497.04999999999995,United Kingdom
14905.0,447,1,258.1,United Kingdom
14907.0,72,3,960.69,United Kingdom
14909.0,374,1,352.5,United Kingdom
14911.0,6,54,39886.49,EIRE
14912.0,393,1,39.67,Italy
14913.0,70,1,300.87,United Kingdom
14915.0,448,1,202.06,United Kingdom
14916.0,35,1,295.05,United Kingdom
14932.0,77,1,363.53,Channel Islands
14935.0,8,1,1784.71,Channel Islands
14940.0,444,1,182.01,United Kingdom
14942.0,441,1,109.35,United Kingdom
14943.0,374,1,107.62,United Kingdom
14944.0,8,4,1897.29,United Kingdom
14949.0,401,2,212.09,United Kingdom
14952.0,17,7,5050.82,United Kingdom
14954.0,414,1,167.27,United Kingdom
14955.0,444,1,163.77,United Kingdom
14958.0,447,1,186.36,United Kingdom
14959.0,8,1,178.66,United Kingdom
14961.0,9,5,4711.5,United Kingdom
14966.0,435,2,335.12,United Kingdom
14967.0,371,2,769.61,United Kingdom
14969.0,415,1,906.23,United Kingdom
14970.0,28,3,733.3,United Kingdom
14976.0,38,1,155.95,United Kingdom
14977.0,437,1,31.929999999999996,United Kingdom
14978.0,1,3,1142.45,United Kingdom
14979.0,447,1,439.46,United Kingdom
14980.0,448,1,150.68,United Kingdom
14983.0,400,1,183.20000000000002,United Kingdom
14984.0,409,1,117.0,United Kingdom
14985.0,69,1,124.51,United Kingdom
14986.0,395,1,323.38,United Kingdom
14987.0,77,5,729.9,United Kingdom
14989.0,373,1,342.4,United Kingdom
14990.0,442,1,200.23999999999998,United Kingdom
14997.0,367,1,230.4,United Kingdom
15002.0,8,6,2742.86,United Kingdom
15003.0,380,3,586.31,United Kingdom
15005.0,21,10,2294.52,United Kingdom
15012.0,85,1,191.06,United Kingdom
15013.0,368,2,331.17,United Kingdom
15015.0,381,5,554.37,United Kingdom
15018.0,79,1,111.25,United Kingdom
15021.0,78,1,205.64000000000001,United Kingdom
15022.0,388,1,281.05,United Kingdom
15023.0,36,3,1724.98,United Kingdom
15024.0,8,3,688.09,United Kingdom
15028.0,80,1,185.97,United Kingdom
15031.0,384,3,841.14,United Kingdom
15032.0,78,3,4276.0,United Kingdom
15033.0,41,1,570.07,United Kingdom
15034.0,49,2,1426.35,United Kingdom
15038.0,81,1,126.42999999999999,United Kingdom
15039.0,8,18,6410.1900000000005,United Kingdom
15044.0,6,13,6526.6,United Kingdom
15046.0,13,7,2054.22,United Kingdom
15048.0,80,1,98.7,United Kingdom
15051.0,373,2,766.12,United Kingdom
15052.0,30,1,215.78,United Kingdom
15055.0,434,1,255.37,United Kingdom
15057.0,27,2,1435.1,United Kingdom
15058.0,11,3,478.07,United Kingdom
15059.0,8,7,1212.78,United Kingdom
15061.0,12,33,40531.83,United Kingdom
15062.0,70,1,209.08,United Kingdom
15064.0,428,1,324.99,United Kingdom
15065.0,3,1,773.66,United Kingdom
15070.0,84,2,431.0,United Kingdom
15073.0,393,1,478.9,United Kingdom
15077.0,441,1,873.48,United Kingdom
15078.0,1,9,3067.04,United Kingdom
15079.0,26,4,1247.77,United Kingdom
15081.0,78,1,111.15,United Kingdom
15082.0,380,1,93.35000000000001,United Kingdom
15085.0,441,1,347.54,United Kingdom
15090.0,19,1,381.32,United Kingdom
15091.0,386,2,565.9,United Kingdom
15093.0,50,5,4084.77,United Kingdom
15095.0,399,1,274.89,United Kingdom
15100.0,45,4,1093.1999999999998,United Kingdom
15101.0,71,1,102.28,United Kingdom
15107.0,22,6,319.5,United Kingdom
15109.0,447,1,231.2,United Kingdom
15110.0,30,1,169.65,United Kingdom
15111.0,84,1,288.5,United Kingdom
15114.0,13,1,259.05,United Kingdom
15115.0,444,1,191.74,United Kingdom
15122.0,9,1,397.04,United Kingdom
15126.0,398,1,192.45000000000002,United Kingdom
15129.0,3,1,355.40000000000003,United Kingdom
15133.0,13,1,333.2,United Kingdom
15137.0,391,1,392.82,United Kingdom
15139.0,48,1,122.10000000000001,United Kingdom
15144.0,24,2,748.52,United Kingdom
15146.0,3,1,834.22,United Kingdom
15152.0,412,1,518.14,United Kingdom
15157.0,69,2,1533.66,United Kingdom
15159.0,27,4,2698.12,United Kingdom
15160.0,68,1,158.16,United Kingdom
15162.0,443,1,312.9,United Kingdom
15164.0,50,2,379.77,United Kingdom
15165.0,84,1,487.75,United Kingdom
15167.0,32,2,849.03,United Kingdom
15169.0,438,1,356.17,United Kingdom
15171.0,42,1,1289.5,United Kingdom
15174.0,34,1,135.75,United Kingdom
15176.0,379,1,988.04,United Kingdom
15179.0,30,3,2969.92,United Kingdom
15180.0,78,1,87.5,United Kingdom
15181.0,442,1,162.72,United Kingdom
15182.0,368,1,564.8910000000001,United Kingdom
15184.0,435,1,123.19,United Kingdom
15186.0,408,1,163.4,United Kingdom
15188.0,437,1,310.43,United Kingdom
15189.0,16,3,1032.14,United Kingdom
15191.0,400,2,342.75,United Kingdom
15192.0,76,2,626.24,United Kingdom
15194.0,23,9,3693.15,United Kingdom
15196.0,438,1,152.25,United Kingdom
15197.0,69,2,674.46,United Kingdom
15198.0,401,1,80.8,United Kingdom
15199.0,19,1,353.09999999999997,United Kingdom
15203.0,23,3,958.01,United Kingdom
15204.0,68,1,316.58,United Kingdom
15208.0,65,1,65.4,United Kingdom
15209.0,441,1,178.98000000000002,United Kingdom
15211.0,76,1,383.07,United Kingdom
15213.0,30,2,328.35,United Kingdom
15218.0,30,2,956.01,United Kingdom
15221.0,78,1,403.25,United Kingdom
15222.0,30,5,1694.64,United Kingdom
15223.0,402,2,436.6,United Kingdom
15224.0,69,3,405.48,United Kingdom
15226.0,22,1,154.41,United Kingdom
15227.0,28,1,318.23,United Kingdom
15228.0,6,1,904.85,United Kingdom
15235.0,20,8,1313.04,United Kingdom
15236.0,10,1,321.05,United Kingdom
15240.0,23,2,862.67,United Kingdom
15244.0,377,1,280.51,United Kingdom
15246.0,70,1,186.0,United Kingdom
15251.0,372,2,4026.94,United Kingdom
15255.0,448,1,260.44,United Kingdom
15259.0,394,1,302.55,United Kingdom
15260.0,84,5,1120.01,United Kingdom
15262.0,35,1,178.95000000000002,United Kingdom
15265.0,449,1,294.14,United Kingdom
15266.0,49,3,411.5,United Kingdom
15270.0,13,7,2695.46,United Kingdom
15271.0,49,2,364.84999999999997,United Kingdom
15272.0,374,1,464.57,United Kingdom
15278.0,376,2,257.71999999999997,United Kingdom
15279.0,66,2,642.64,United Kingdom
15281.0,44,1,780.42,United Kingdom
15287.0,449,1,58.2,United Kingdom
15288.0,76,2,500.15000000000003,United Kingdom
15290.0,6,4,852.8299999999999,United Kingdom
15291.0,37,11,4002.4900000000002,United Kingdom
15293.0,377,1,247.5,United Kingdom
15296.0,38,2,2409.76,United Kingdom
15298.0,36,5,1639.53,United Kingdom
15299.0,83,4,2566.5299999999997,United Kingdom
15301.0,80,1,673.37,United Kingdom
15302.0,442,1,308.0,United Kingdom
15303.0,1,2,876.22,United Kingdom
15304.0,80,1,123.15,United Kingdom
15306.0,370,1,387.51,United Kingdom
15309.0,447,1,273.75,United Kingdom
15311.0,1,60,33607.75,United Kingdom
15312.0,66,4,1084.63,United Kingdom
15316.0,38,1,165.0,United Kingdom
15317.0,388,1,129.75,United Kingdom
15321.0,3,2,1571.13,United Kingdom
15323.0,373,1,108.2,United Kingdom
15324.0,412,1,140.22000000000003,United Kingdom
15325.0,373,1,215.5,United Kingdom
15326.0,45,4,1402.08,United Kingdom
15329.0,437,1,318.36,United Kingdom
15332.0,77,4,1661.06,Lithuania
15338.0,388,1,283.43,United Kingdom
15339.0,30,2,393.3,United Kingdom
15346.0,44,1,252.42000000000002,United Kingdom
15347.0,77,1,201.60000000000002,United Kingdom
15350.0,85,1,115.65,United Kingdom
15351.0,81,1,274.67,United Kingdom
15353.0,79,2,597.24,United Kingdom
15356.0,8,3,619.73,United Kingdom
15358.0,9,9,3566.41,United Kingdom
15359.0,374,8,181.35,United Kingdom
15361.0,73,1,418.92,United Kingdom
15362.0,450,1,310.75,United Kingdom
15363.0,84,1,326.0,United Kingdom
15365.0,27,2,533.73,United Kingdom
15366.0,69,1,105.54,United Kingdom
15367.0,440,1,785.62,United Kingdom
15369.0,387,4,1120.0,United Kingdom
15370.0,8,2,754.22,United Kingdom
15371.0,374,1,59.400000000000006,United Kingdom
15372.0,372,4,2416.08,United Kingdom
15373.0,1,4,900.0,United Kingdom
15375.0,401,1,60.959999999999994,United Kingdom
15379.0,34,3,2682.09,United Kingdom
15380.0,76,4,907.52,United Kingdom
15382.0,7,3,4175.55,United Kingdom
15384.0,71,1,303.57,United Kingdom
15385.0,389,1,307.8,United Kingdom
15389.0,393,1,854.8,United Kingdom
15392.0,71,1,338.98,United Kingdom
15393.0,404,2,363.21000000000004,United Kingdom
15394.0,70,2,885.06,United Kingdom
15395.0,37,1,107.45,United Kingdom
15397.0,1,1,94.0,United Kingdom
15403.0,442,1,95.75999999999999,United Kingdom
15406.0,12,1,252.29,United Kingdom
15407.0,17,1,165.0,United Kingdom
15409.0,432,1,131.25,United Kingdom
15413.0,403,5,6798.72,United Kingdom
15415.0,24,1,572.8100000000001,United Kingdom
15416.0,388,1,389.03000000000003,United Kingdom
15420.0,389,3,340.44,United Kingdom
15421.0,21,3,1045.23,United Kingdom
15422.0,34,3,396.69,United Kingdom
15425.0,375,1,762.69,United Kingdom
15426.0,80,1,411.42,United Kingdom
15428.0,433,1,184.44,United Kingdom
15434.0,395,1,285.35,United Kingdom
15441.0,441,1,301.57,United Kingdom
15443.0,32,1,437.71,United Kingdom
15446.0,437,1,123.43,United Kingdom
15447.0,42,1,155.17,United Kingdom
15448.0,24,2,788.81,United Kingdom
15454.0,73,1,179.1,United Kingdom
15456.0,70,4,862.49,United Kingdom
15460.0,65,1,216.76,United Kingdom
15464.0,49,1,1048.85,United Kingdom
15465.0,4,12,3764.8599999999997,United Kingdom
15466.0,448,1,744.21,United Kingdom
15479.0,444,1,147.4,United Kingdom
15480.0,387,2,1636.38,Malta
15482.0,70,5,1295.92,United Kingdom
15483.0,395,1,175.26,United Kingdom
15484.0,445,1,689.5,United Kingdom
15485.0,47,5,2501.55,United Kingdom
15487.0,391,1,231.32,United Kingdom
15489.0,404,1,214.0,United Kingdom
15494.0,440,1,917.76,United Kingdom
15497.0,31,4,2376.11,United Kingdom
15498.0,31,7,7448.56,United Kingdom
15499.0,435,1,161.6,United Kingdom
15502.0,79,3,929.4,United Kingdom
15503.0,74,2,267.15,United Kingdom
15504.0,377,1,147.71,United Kingdom
15510.0,42,1,250.0,United Kingdom
15512.0,71,2,140.2,United Kingdom
15513.0,28,6,3687.76,United Kingdom
15514.0,72,7,3354.4,United Kingdom
15518.0,30,5,1136.18,United Kingdom
15521.0,415,1,531.72,United Kingdom
15523.0,441,3,1173.53,United Kingdom
15525.0,85,1,313.93,United Kingdom
15527.0,27,6,1592.54,United Kingdom
15529.0,35,3,570.89,United Kingdom
15532.0,69,1,356.35,United Kingdom
15534.0,437,1,162.25,United Kingdom
15535.0,39,2,292.54,United Kingdom
15538.0,375,1,545.9,United Kingdom
15542.0,449,2,540.73,United Kingdom
15544.0,13,4,1829.65,United Kingdom
15545.0,82,1,135.32999999999998,United Kingdom
15547.0,27,4,2363.82,United Kingdom
15549.0,27,3,1280.9,United Kingdom
15550.0,13,5,838.61,United Kingdom
15555.0,73,6,2665.11,United Kingdom
15561.0,375,1,336.27,United Kingdom
15562.0,63,2,495.06000000000006,United Kingdom
15563.0,70,2,698.99,United Kingdom
15564.0,387,1,35.04,United Kingdom
15566.0,435,1,138.22,United Kingdom
15569.0,44,1,288.5,United Kingdom
15570.0,14,5,1669.19,United Kingdom
15571.0,445,1,118.25999999999999,United Kingdom
15573.0,440,1,278.08,United Kingdom
15574.0,70,3,590.15,United Kingdom
15577.0,17,3,168.75,United Kingdom
15579.0,25,1,199.6,United Kingdom
15580.0,382,1,99.69,United Kingdom
15581.0,65,16,1315.94,United Kingdom
15584.0,382,1,357.04,United Kingdom
15586.0,371,2,955.26,United Kingdom
15587.0,63,1,344.88,United Kingdom
15588.0,389,1,579.6,United Kingdom
15589.0,22,1,184.95,United Kingdom
15591.0,385,1,41.300000000000004,United Kingdom
15596.0,38,2,777.47,United Kingdom
15601.0,7,13,6331.35,United Kingdom
15602.0,23,6,797.95,United Kingdom
15605.0,1,3,505.3,United Kingdom
15606.0,8,2,609.17,United Kingdom
15607.0,48,3,815.84,United Kingdom
15611.0,46,3,357.3,United Kingdom
15615.0,9,10,4621.9,United Kingdom
15620.0,69,1,424.49,United Kingdom
15623.0,401,2,639.7,United Kingdom
15626.0,41,1,281.88,United Kingdom
15628.0,78,3,915.75,United Kingdom
15633.0,377,3,905.34,United Kingdom
15637.0,435,1,288.88,United Kingdom
15640.0,10,10,7290.38,United Kingdom
15641.0,70,4,1713.53,United Kingdom
15642.0,441,1,105.78000000000002,United Kingdom
15646.0,83,1,189.8,United Kingdom
15649.0,48,2,816.0,United Kingdom
15658.0,21,3,898.0500000000001,United Kingdom
15660.0,77,2,318.3,United Kingdom
15661.0,28,2,309.8,United Kingdom
15662.0,372,2,283.73,United Kingdom
15670.0,8,1,173.05,United Kingdom
15672.0,436,1,45.300000000000004,United Kingdom
15673.0,38,2,1707.51,United Kingdom
15674.0,442,1,462.46,United Kingdom
15680.0,77,4,1466.1,United Kingdom
15682.0,398,1,127.48,United Kingdom
15684.0,413,2,119.3,United Kingdom
15687.0,23,2,732.6,United Kingdom
15689.0,73,1,103.5,United Kingdom
15691.0,444,1,161.8,United Kingdom
15693.0,370,1,37.5,United Kingdom
15694.0,42,5,1602.99,United Kingdom
15695.0,393,1,348.61,United Kingdom
15696.0,26,4,940.16,United Kingdom
15697.0,401,1,246.75,United Kingdom
15702.0,393,1,27.82,Nigeria
15708.0,24,3,979.7,United Kingdom
15711.0,396,1,106.65,United Kingdom
15712.0,382,3,1192.6000000000001,United Kingdom
15713.0,77,2,415.01,United Kingdom
15716.0,81,2,761.27,United Kingdom
15719.0,21,5,1887.52,United Kingdom
15722.0,2,1,324.05,United Kingdom
15723.0,76,1,203.1,United Kingdom
15727.0,42,3,3042.32,United Kingdom
15732.0,83,2,369.5,United Kingdom
15738.0,24,9,2760.02,United Kingdom
15747.0,402,1,226.08,United Kingdom
15749.0,44,2,22998.4,United Kingdom
15750.0,78,4,840.71,United Kingdom
15751.0,389,5,701.29,United Kingdom
15752.0,84,1,259.65000000000003,United Kingdom
15753.0,16,1,79.2,United Kingdom
15754.0,367,1,1420.3500000000001,United Kingdom
15755.0,6,4,1301.84,United Kingdom
15759.0,8,3,310.77,United Kingdom
15765.0,378,1,370.63,United Kingdom
15766.0,393,1,201.60000000000002,United Kingdom
15768.0,371,10,5390.72,United Kingdom
15769.0,10,7,15658.68,United Kingdom
15771.0,405,1,316.25,United Kingdom
15774.0,368,1,228.28,United Kingdom
15777.0,29,3,753.15,United Kingdom
15780.0,69,1,177.15,United Kingdom
15781.0,17,1,83.35,United Kingdom
15784.0,383,1,466.19,United Kingdom
15785.0,6,3,1749.43,United Kingdom
15789.0,69,1,351.3,United Kingdom
15793.0,450,1,291.58000000000004,United Kingdom
15794.0,448,2,777.0,United Kingdom
15795.0,375,3,579.33,United Kingdom
15796.0,13,1,343.92,United Kingdom
15797.0,16,3,1810.88,United Kingdom
15798.0,393,1,366.28,United Kingdom
15799.0,45,1,320.21999999999997,United Kingdom
15803.0,387,1,603.8,United Kingdom
15805.0,76,4,1967.8200000000002,United Kingdom
15807.0,377,1,401.94,United Kingdom
15808.0,17,9,8571.62,United Kingdom
15809.0,14,1,198.8,United Kingdom
15810.0,8,2,690.99,United Kingdom
15811.0,9,3,897.33,United Kingdom
15812.0,29,3,706.98,United Kingdom
15820.0,31,1,206.98,United Kingdom
15822.0,70,2,914.52,United Kingdom
15823.0,83,3,3882.17,United Kingdom
15827.0,15,7,1013.23,United Kingdom
15831.0,35,1,309.94,United Kingdom
15833.0,449,1,80.4,United Kingdom
15835.0,42,1,301.11,United Kingdom
15838.0,22,3,1730.0,United Kingdom
15841.0,50,3,935.35,United Kingdom
15843.0,15,1,118.95000000000002,United Kingdom
15845.0,48,2,519.4,United Kingdom
15850.0,438,1,106.65,United Kingdom
15854.0,22,4,1339.5,United Kingdom
15856.0,12,10,8733.41,United Kingdom
15858.0,1,5,1415.53,United Kingdom
15860.0,80,3,398.26,United Kingdom
15861.0,391,1,413.75,United Kingdom
15862.0,85,4,936.95,United Kingdom
15863.0,397,2,161.35,United Kingdom
15864.0,27,1,242.42000000000002,United Kingdom
15865.0,414,1,714.05,United Kingdom
15867.0,7,11,2616.11,United Kingdom
15874.0,377,3,1340.15,United Kingdom
15878.0,445,1,212.13,United Kingdom
15879.0,433,1,133.34,United Kingdom
15880.0,81,1,343.28000000000003,United Kingdom
15881.0,23,5,501.39000000000004,United Kingdom
15882.0,80,4,719.26,United Kingdom
15884.0,447,1,241.8,United Kingdom
15885.0,20,3,164.05,United Kingdom
15889.0,80,3,674.6899999999999,United Kingdom
15892.0,380,1,128.2,United Kingdom
15894.0,80,1,156.74,United Kingdom
15898.0,79,7,1575.95,United Kingdom
15899.0,80,1,56.25,United Kingdom
15903.0,6,2,201.07999999999998,United Kingdom
15910.0,28,2,253.87,United Kingdom
15911.0,372,5,1191.43,United Kingdom
15912.0,399,4,517.54,United Kingdom
15916.0,41,5,1126.69,United Kingdom
15917.0,433,3,315.33,United Kingdom
15919.0,80,1,270.72,United Kingdom
15920.0,437,2,121.59,United Kingdom
15922.0,84,1,369.5,United Kingdom
15923.0,84,1,127.08,United Kingdom
15924.0,442,1,102.82,United Kingdom
15928.0,367,1,293.53,United Kingdom
15938.0,35,1,74.9,United Kingdom
15939.0,23,3,1116.3,United Kingdom
15940.0,22,1,35.8,United Kingdom
15943.0,389,1,125.69999999999999,United Kingdom
15944.0,438,1,588.4,United Kingdom
15945.0,77,3,532.32,United Kingdom
15950.0,71,2,985.48,United Kingdom
15953.0,43,4,926.72,United Kingdom
15955.0,84,1,572.38,United Kingdom
15956.0,438,1,326.4,United Kingdom
15959.0,393,3,579.49,United Kingdom
15964.0,374,1,272.96000000000004,United Kingdom
15965.0,79,3,474.59000000000003,United Kingdom
15967.0,30,3,445.54,United Kingdom
15970.0,15,1,314.1,United Kingdom
15971.0,22,3,1208.28,United Kingdom
15973.0,78,1,307.82000000000005,United Kingdom
15981.0,22,1,270.0,United Kingdom
15983.0,72,6,2347.86,United Kingdom
15984.0,50,6,1888.28,United Kingdom
15987.0,80,1,113.48,United Kingdom
15988.0,368,1,268.8,United Kingdom
15989.0,448,1,143.11,United Kingdom
15996.0,77,1,263.25,United Kingdom
15998.0,74,4,2599.78,United Kingdom
15999.0,447,1,20.4,United Kingdom
16003.0,71,2,1568.87,United Kingdom
16004.0,394,1,454.74,United Kingdom
16010.0,74,1,110.1,United Kingdom
16011.0,1,7,1309.92,United Kingdom
16013.0,13,15,9031.85,United Kingdom
16014.0,2,2,520.64,United Kingdom
16016.0,78,1,382.27,United Kingdom
16017.0,403,2,828.35,United Kingdom
16018.0,443,1,195.78,United Kingdom
16019.0,8,9,4297.91,United Kingdom
16027.0,14,5,875.22,United Kingdom
16029.0,3,29,34044.83,United Kingdom
16030.0,21,1,331.24,United Kingdom
16033.0,16,5,1262.55,United Kingdom
16034.0,44,1,153.6,United Kingdom
16037.0,16,2,603.46,United Kingdom
16042.0,44,1,24.95,United Kingdom
16043.0,29,1,307.85,United Kingdom
16045.0,1,1,664.45,United Kingdom
16047.0,393,1,107.14,EIRE
16048.0,84,2,256.44,United Kingdom
16051.0,393,1,188.44,United Kingdom
16057.0,367,2,1265.43,United Kingdom
16059.0,38,2,263.25,United Kingdom
16062.0,76,1,247.56,United Kingdom
16064.0,436,1,111.0,United Kingdom
16065.0,77,1,372.09,United Kingdom
16067.0,386,1,1970.76,United Kingdom
16071.0,366,1,264.3,United Kingdom
16073.0,8,1,122.39999999999999,United Kingdom
16078.0,381,1,283.79,United Kingdom
16081.0,78,2,263.48,United Kingdom
16082.0,381,1,106.75,United Kingdom
16083.0,72,1,337.98,United Kingdom
16084.0,10,1,436.18,United Kingdom
16085.0,32,2,436.99,United Kingdom
16086.0,78,2,461.81,United Kingdom
16087.0,388,2,671.8,United Kingdom
16098.0,10,4,1219.03,United Kingdom
16103.0,380,2,451.4,United Kingdom
16104.0,389,4,1514.19,United Kingdom
16109.0,20,2,642.6,United Kingdom
16110.0,22,1,409.7,United Kingdom
16112.0,44,2,136.14,United Kingdom
16115.0,4,1,138.83,United Kingdom
16119.0,435,1,183.4,United Kingdom
16122.0,44,2,249.84,United Kingdom
16124.0,28,2,712.0,United Kingdom
16125.0,78,5,1664.6100000000001,United Kingdom
16126.0,8,3,1323.54,United Kingdom
16127.0,438,1,145.06,United Kingdom
16131.0,449,1,1317.97,United Kingdom
16133.0,29,1,323.71,United Kingdom
16134.0,70,1,283.53000000000003,United Kingdom
16136.0,375,1,237.42,United Kingdom
16137.0,391,1,422.7,United Kingdom
16139.0,434,2,475.74,United Kingdom
16140.0,82,1,124.14,United Kingdom
16143.0,14,5,1956.72,United Kingdom
16145.0,50,2,668.84,United Kingdom
16147.0,384,1,674.64,United Kingdom
16148.0,7,1,76.32000000000001,United Kingdom
16150.0,83,2,741.62,United Kingdom
16153.0,66,1,215.01,United Kingdom
16156.0,22,4,1066.81,United Kingdom
16158.0,373,4,290.07,United Kingdom
16159.0,448,1,317.55,United Kingdom
16161.0,1,8,1533.74,United Kingdom
16163.0,76,3,1279.88,United Kingdom
16166.0,402,1,239.84,United Kingdom
16167.0,450,1,485.79,United Kingdom
16168.0,30,5,861.48,United Kingdom
16170.0,370,1,319.88,United Kingdom
16182.0,6,1,825.0,United Kingdom
16186.0,83,2,697.02,United Kingdom
16190.0,437,1,196.92000000000002,United Kingdom
16191.0,13,8,2367.88,United Kingdom
16192.0,447,1,351.3,United Kingdom
16195.0,434,1,323.25,United Kingdom
16197.0,435,1,117.30000000000001,United Kingdom
16200.0,367,7,3107.4900000000002,United Kingdom
16202.0,72,3,957.44,United Kingdom
16203.0,83,1,170.7,United Kingdom
16204.0,442,1,213.27,United Kingdom
16206.0,39,2,501.47,United Kingdom
16208.0,1,1,5.1,United Kingdom
16210.0,21,12,11221.28,United Kingdom
16212.0,381,1,261.0,United Kingdom
16218.0,85,1,471.3,United Kingdom
16221.0,79,1,166.74,United Kingdom
16222.0,29,2,1345.22,United Kingdom
16225.0,374,3,624.87,United Kingdom
16233.0,41,4,905.0,United Kingdom
16235.0,7,2,344.46,United Kingdom
16241.0,50,2,438.03000000000003,United Kingdom
16244.0,84,1,1056.63,United Kingdom
16246.0,381,1,166.9,United Kingdom
16250.0,85,1,226.14,United Kingdom
16253.0,401,2,1055.53,United Kingdom
16255.0,16,4,1190.84,United Kingdom
16265.0,6,4,2442.84,United Kingdom
16266.0,384,1,152.17,United Kingdom
16270.0,64,1,1141.24,United Kingdom
16271.0,69,1,133.22,United Kingdom
16273.0,367,1,259.54,United Kingdom
16274.0,84,1,357.95,United Kingdom
16277.0,445,1,188.69,United Kingdom
16280.0,436,1,238.05,United Kingdom
16281.0,393,1,781.52,United Kingdom
16282.0,51,2,438.3,United Kingdom
16287.0,401,1,226.62,United Kingdom
16291.0,393,1,117.72,Portugal
16293.0,78,2,704.39,United Kingdom
16296.0,412,2,690.46,United Kingdom
16300.0,387,1,420.26,United Kingdom
16301.0,448,1,107.33,United Kingdom
16303.0,44,1,827.1800000000001,United Kingdom
16304.0,406,1,381.66,United Kingdom
16306.0,5,5,594.47,United Kingdom
16308.0,435,1,960.0,United Kingdom
16315.0,42,1,226.37,United Kingdom
16316.0,69,1,308.21999999999997,United Kingdom
16317.0,8,1,570.76,United Kingdom
16320.0,393,1,823.15,Unspecified
16321.0,16,4,419.75,Australia
16325.0,412,3,519.64,United Kingdom
16326.0,25,3,705.7,United Kingdom
16327.0,27,5,3975.4,United Kingdom
16329.0,450,1,282.46000000000004,United Kingdom
16330.0,374,1,51.43,United Kingdom
16332.0,16,1,122.3,United Kingdom
16333.0,3,3,2508.48,United Kingdom
16335.0,368,4,1385.68,United Kingdom
16344.0,380,1,209.1,United Kingdom
16349.0,2,1,53.5,United Kingdom
16350.0,45,1,376.7,United Kingdom
16351.0,44,5,836.9,United Kingdom
16353.0,6,17,2596.7,United Kingdom
16359.0,14,3,480.08000000000004,United Kingdom
16365.0,70,3,567.23,United Kingdom
16366.0,392,2,908.89,United Kingdom
16367.0,74,1,170.91,United Kingdom
16378.0,8,2,287.05,United Kingdom
16383.0,385,1,460.39,United Kingdom
16385.0,78,1,148.23000000000002,United Kingdom
16387.0,34,1,94.36,United Kingdom
16390.0,390,1,193.8,United Kingdom
16393.0,6,5,1032.91,United Kingdom
16394.0,1,1,312.40999999999997,United Kingdom
16395.0,35,4,695.22,United Kingdom
16400.0,443,1,564.38,United Kingdom
16401.0,6,2,665.8,United Kingdom
16402.0,80,1,211.8,United Kingdom
16403.0,23,1,177.5,United Kingdom
16405.0,13,2,167.25,United Kingdom
16407.0,8,2,338.24,United Kingdom
16409.0,28,3,1074.46,United Kingdom
16410.0,445,1,130.32,United Kingdom
16411.0,81,1,131.5,United Kingdom
16412.0,384,1,94.55,United Kingdom
16414.0,406,1,129.09,United Kingdom
16415.0,388,1,188.65,United Kingdom
16419.0,23,2,477.04,United Kingdom
16422.0,1,17,8961.44,United Kingdom
16425.0,13,1,302.7,United Kingdom
16430.0,393,1,104.95,United Kingdom
16431.0,8,2,343.93,United Kingdom
16434.0,11,3,900.1800000000001,United Kingdom
16436.0,380,3,329.34,United Kingdom
16439.0,433,1,310.70000000000005,United Kingdom
16441.0,2,1,211.0,United Kingdom
16442.0,72,2,306.71999999999997,United Kingdom
16447.0,371,1,206.83,United Kingdom
16450.0,367,1,408.29,United Kingdom
16451.0,446,1,307.65000000000003,United Kingdom
16452.0,405,1,193.68,United Kingdom
16455.0,72,3,531.98,United Kingdom
16456.0,18,2,1236.68,United Kingdom
16458.0,16,2,393.7,United Kingdom
16459.0,441,1,71.78999999999999,United Kingdom
16466.0,4,1,111.67,United Kingdom
16467.0,370,3,2391.56,United Kingdom
16470.0,70,2,416.02,United Kingdom
16473.0,48,1,149.41,United Kingdom
16477.0,31,3,961.71,United Kingdom
16481.0,394,1,453.38,United Kingdom
16485.0,368,2,917.74,United Kingdom
16487.0,370,1,102.2,United Kingdom
16493.0,41,1,127.80000000000001,United Kingdom
16494.0,8,1,826.53,United Kingdom
16496.0,28,1,736.7,United Kingdom
16497.0,29,4,1308.1200000000001,United Kingdom
16499.0,72,2,365.45,United Kingdom
16500.0,42,1,165.0,United Kingdom
16503.0,42,2,841.79,United Kingdom
16509.0,8,1,363.7,United Kingdom
16510.0,83,2,934.0,United Kingdom
16515.0,23,1,320.51,United Kingdom
16519.0,76,1,103.7,United Kingdom
16520.0,77,1,325.76,United Kingdom
16523.0,27,2,1153.83,United Kingdom
16524.0,403,1,101.3,United Kingdom
16525.0,6,14,6367.74,United Kingdom
16530.0,379,1,48.349999999999994,United Kingdom
16531.0,5,3,484.83,United Kingdom
16532.0,50,1,1910.4,United Kingdom
16535.0,391,1,20.0,United Kingdom
16539.0,69,2,747.25,United Kingdom
16541.0,447,1,424.03,United Kingdom
16544.0,374,3,266.40000000000003,United Kingdom
16546.0,2,2,787.15,United Kingdom
16549.0,45,1,119.49000000000001,United Kingdom
16550.0,79,6,2268.79,United Kingdom
16551.0,48,3,863.2,United Kingdom
16552.0,85,1,95.29,United Kingdom
16553.0,16,6,2886.11,United Kingdom
16554.0,43,2,416.34,United Kingdom
16556.0,6,5,2050.19,United Kingdom
16558.0,13,5,1742.91,United Kingdom
16560.0,69,4,1485.89,United Kingdom
16563.0,371,2,851.42,United Kingdom
16565.0,75,1,173.7,United Kingdom
16566.0,4,1,94.89999999999999,United Kingdom
16567.0,48,1,557.5600000000001,United Kingdom
16569.0,384,3,1143.39,United Kingdom
16570.0,23,1,450.06,United Kingdom
16573.0,1,1,292.63,United Kingdom
16574.0,370,1,590.91,United Kingdom
16577.0,378,1,380.0,United Kingdom
16583.0,85,2,297.95,United Kingdom
16584.0,373,1,931.72,United Kingdom
16585.0,407,1,89.32,United Kingdom
16592.0,395,2,609.28,United Kingdom
16593.0,39,3,348.33,United Kingdom
16595.0,403,1,519.18,United Kingdom
16596.0,77,3,329.48,United Kingdom
16600.0,50,2,435.87,United Kingdom
16605.0,435,1,60.48,United Kingdom
16607.0,14,3,886.73,United Kingdom
16608.0,375,1,687.4,United Kingdom
16612.0,23,2,790.92,United Kingdom
16618.0,34,1,728.16,United Kingdom
16619.0,367,1,995.21,United Kingdom
16620.0,449,1,822.37,United Kingdom
16634.0,83,2,468.6,United Kingdom
16638.0,2,4,741.89,United Kingdom
16641.0,413,1,323.40000000000003,United Kingdom
16645.0,447,1,160.39,United Kingdom
16654.0,79,1,227.4,United Kingdom
16655.0,43,2,1127.24,United Kingdom
16656.0,3,6,2568.8,United Kingdom
16658.0,79,1,123.24,United Kingdom
16660.0,31,2,424.2,United Kingdom
16661.0,433,1,282.3,United Kingdom
16663.0,441,1,165.0,United Kingdom
16665.0,73,1,135.39999999999998,United Kingdom
16670.0,37,5,2121.15,United Kingdom
16673.0,390,1,188.83,United Kingdom
16676.0,49,1,464.82,United Kingdom
16679.0,77,1,129.75,United Kingdom
16684.0,7,11,16579.38,United Kingdom
16686.0,17,4,872.89,United Kingdom
16693.0,368,1,220.56,United Kingdom
16694.0,434,1,98.30000000000001,United Kingdom
16699.0,447,1,137.4,United Kingdom
16700.0,9,6,2313.18,United Kingdom
16701.0,10,6,2339.12,United Kingdom
16702.0,443,1,221.52,United Kingdom
16704.0,383,1,573.81,United Kingdom
16705.0,23,7,9712.751,United Kingdom
16709.0,386,2,1926.15,United Kingdom
16710.0,71,6,1717.99,United Kingdom
16711.0,13,4,1264.44,United Kingdom
16713.0,6,11,4899.68,United Kingdom
16714.0,28,3,1514.8,United Kingdom
16716.0,22,1,734.4000000000001,United Kingdom
16717.0,77,2,693.64,United Kingdom
16718.0,81,3,1968.02,United Kingdom
16719.0,50,4,1157.42,United Kingdom
16720.0,433,1,173.22,United Kingdom
16722.0,77,4,1445.4,United Kingdom
16723.0,447,1,460.55,United Kingdom
16725.0,13,8,994.9,United Kingdom
16726.0,6,3,603.79,United Kingdom
16727.0,75,2,827.76,United Kingdom
16730.0,30,1,187.01999999999998,United Kingdom
16732.0,443,1,792.84,United Kingdom
16735.0,46,3,1522.18,United Kingdom
16736.0,435,3,1671.13,United Kingdom
16738.0,9,1,3.75,United Kingdom
16742.0,379,3,462.42,United Kingdom
16743.0,70,1,430.28000000000003,United Kingdom
16745.0,7,3,747.77,United Kingdom
16746.0,4,9,3624.04,United Kingdom
16748.0,20,4,827.15,United Kingdom
16749.0,435,1,2343.72,United Kingdom
16752.0,84,1,207.5,United Kingdom
16754.0,83,1,2002.4,United Kingdom
16755.0,27,3,748.0500000000001,United Kingdom
16757.0,30,1,106.83000000000001,United Kingdom
16763.0,449,1,352.85,United Kingdom
16765.0,5,1,34.0,United Kingdom
16767.0,27,1,1866.02,United Kingdom
16768.0,379,2,310.48,United Kingdom
16769.0,437,2,394.46000000000004,United Kingdom
16770.0,24,3,531.5,United Kingdom
16771.0,21,4,1739.95,United Kingdom
16772.0,412,2,2001.1,United Kingdom
16773.0,444,1,137.75,United Kingdom
16774.0,372,1,354.7,United Kingdom
16775.0,2,3,577.1,United Kingdom
16779.0,15,17,14205.74,United Kingdom
16781.0,83,2,623.0,United Kingdom
16782.0,28,5,1381.96,United Kingdom
16787.0,410,1,241.54,United Kingdom
16788.0,382,1,418.65,United Kingdom
16791.0,43,3,809.82,United Kingdom
16792.0,415,1,211.29,United Kingdom
16795.0,76,2,1032.85,United Kingdom
16797.0,367,2,530.13,United Kingdom
16798.0,440,1,208.9,United Kingdom
16802.0,390,2,582.61,United Kingdom
16805.0,72,3,503.77,United Kingdom
16812.0,72,1,479.35,United Kingdom
16814.0,6,7,2120.11,United Kingdom
16816.0,24,2,325.45,United Kingdom
16817.0,71,2,367.3,United Kingdom
16822.0,397,1,181.39,United Kingdom
16823.0,449,1,189.29999999999998,United Kingdom
16830.0,387,2,480.39,United Kingdom
16833.0,46,1,309.48,United Kingdom
16834.0,385,1,485.5,United Kingdom
16835.0,84,1,81.75,United Kingdom
16838.0,374,1,341.23,United Kingdom
16839.0,7,7,3211.15,United Kingdom
16840.0,386,1,107.75,United Kingdom
16841.0,379,2,585.21,United Kingdom
16842.0,13,1,520.5699999999999,United Kingdom
16843.0,2,4,4129.97,United Kingdom
16850.0,45,1,332.41,United Kingdom
16858.0,80,5,1740.8500000000001,United Kingdom
16860.0,373,1,517.12,United Kingdom
16862.0,413,1,165.60000000000002,United Kingdom
16863.0,78,1,164.25,United Kingdom
16867.0,401,1,76.74000000000001,United Kingdom
16873.0,75,2,3618.34,United Kingdom
16875.0,8,4,1449.67,United Kingdom
16882.0,28,1,9.9,United Kingdom
16883.0,83,2,236.98,United Kingdom
16885.0,68,1,190.65,United Kingdom
16887.0,449,1,219.82,United Kingdom
16888.0,387,2,317.31,United Kingdom
16889.0,48,1,523.05,United Kingdom
16891.0,83,4,806.25,United Kingdom
16892.0,442,1,97.55,United Kingdom
16893.0,78,1,145.93,United Kingdom
16895.0,377,1,150.39000000000001,United Kingdom
16897.0,10,2,289.78,United Kingdom
16898.0,80,1,116.08,United Kingdom
16899.0,72,1,170.55,United Kingdom
16901.0,440,1,204.26,United Kingdom
16904.0,9,4,632.4100000000001,United Kingdom
16905.0,83,4,726.64,United Kingdom
16907.0,1,2,432.7,United Kingdom
16908.0,434,1,252.59,United Kingdom
16911.0,372,1,139.35000000000002,United Kingdom
16912.0,2,5,1483.48,United Kingdom
16913.0,2,1,113.44,United Kingdom
16916.0,84,1,198.08,United Kingdom
16918.0,28,4,954.97,United Kingdom
16919.0,71,2,540.01,United Kingdom
16923.0,25,4,1770.24,United Kingdom
16926.0,82,1,230.25,United Kingdom
16927.0,73,1,218.1,United Kingdom
16928.0,13,5,457.2,United Kingdom
16931.0,3,4,882.19,United Kingdom
16933.0,399,2,1043.95,United Kingdom
16938.0,20,2,1137.42,United Kingdom
16940.0,1,3,1967.81,United Kingdom
16943.0,29,1,451.03,United Kingdom
16945.0,16,6,1705.65,United Kingdom
16948.0,37,2,180.5,United Kingdom
16949.0,28,1,74.42,United Kingdom
16950.0,78,2,566.6,United Kingdom
16951.0,15,1,1053.79,United Kingdom
16952.0,439,1,252.04,United Kingdom
16954.0,71,3,1725.76,United Kingdom
16955.0,47,4,665.37,United Kingdom
16964.0,445,2,207.85,United Kingdom
16978.0,377,2,424.55,United Kingdom
16979.0,9,1,347.15,United Kingdom
16980.0,3,1,732.36,United Kingdom
16983.0,31,2,358.75,United Kingdom
16985.0,25,6,3525.91,United Kingdom
16986.0,384,6,2591.85,United Kingdom
16987.0,434,2,290.91,United Kingdom
16992.0,378,1,114.88,United Kingdom
16996.0,64,2,127.54000000000002,United Kingdom
16997.0,20,2,468.0,United Kingdom
16998.0,15,1,90.0,United Kingdom
17001.0,30,2,772.89,United Kingdom
17002.0,2,1,513.06,United Kingdom
17007.0,68,2,207.12,United Kingdom
17012.0,436,1,384.16,United Kingdom
17017.0,71,6,2635.14,United Kingdom
17018.0,37,3,1113.6,United Kingdom
17019.0,42,3,846.77,United Kingdom
17023.0,408,1,142.35,United Kingdom
17025.0,84,2,160.97,United Kingdom
17026.0,81,1,33.15,United Kingdom
17027.0,28,2,331.40000000000003,United Kingdom
17028.0,432,1,307.91,United Kingdom
17029.0,375,1,271.0,United Kingdom
17032.0,405,2,1702.7,United Kingdom
17033.0,71,1,307.8,United Kingdom
17035.0,23,2,314.11,United Kingdom
17041.0,72,1,304.5,United Kingdom
17043.0,441,1,380.36,United Kingdom
17044.0,444,1,990.48,United Kingdom
17047.0,443,1,322.65,United Kingdom
17048.0,42,2,471.94,United Kingdom
17050.0,3,3,973.88,United Kingdom
17056.0,450,1,128.60000000000002,United Kingdom
17059.0,81,2,1152.66,United Kingdom
17062.0,25,4,538.37,United Kingdom
17063.0,450,1,278.61,United Kingdom
17064.0,38,1,147.85,United Kingdom
17066.0,438,1,228.34,United Kingdom
17067.0,436,3,454.54,United Kingdom
17068.0,24,4,855.15,United Kingdom
17069.0,66,3,1083.75,United Kingdom
17071.0,21,2,616.5600000000001,United Kingdom
17075.0,2,5,1169.26,United Kingdom
17076.0,76,2,219.18,United Kingdom
17081.0,367,1,112.88,United Kingdom
17082.0,29,3,1545.14,United Kingdom
17083.0,7,3,1544.92,United Kingdom
17085.0,11,8,1869.26,United Kingdom
17087.0,449,1,221.53,United Kingdom
17090.0,65,1,61.199999999999996,United Kingdom
17091.0,36,4,1513.03,United Kingdom
17092.0,386,1,287.26,United Kingdom
17094.0,34,1,302.0,United Kingdom
17095.0,10,3,845.86,United Kingdom
17097.0,36,2,287.64,Spain
17103.0,433,1,424.3,United Kingdom
17105.0,17,1,319.4,United Kingdom
17107.0,388,1,1614.3899999999999,United Kingdom
17108.0,375,1,174.95,United Kingdom
17113.0,409,2,515.62,United Kingdom
17114.0,8,2,270.19,United Kingdom
17115.0,391,2,1280.96,United Kingdom
17118.0,29,1,157.02,United Kingdom
17126.0,11,2,515.27,United Kingdom
17127.0,446,1,137.95,United Kingdom
17128.0,46,1,157.09,United Kingdom
17135.0,1,2,500.55,United Kingdom
17136.0,374,1,231.68,United Kingdom
17137.0,389,2,400.32,United Kingdom
17138.0,384,1,1728.58,United Kingdom
17139.0,370,3,2611.21,United Kingdom
17141.0,395,2,406.44,United Kingdom
17142.0,395,1,225.5,United Kingdom
17145.0,370,1,897.0300000000001,United Kingdom
17146.0,70,2,1321.85,United Kingdom
17147.0,23,2,659.1,United Kingdom
17150.0,434,2,315.65,United Kingdom
17151.0,446,1,231.90000000000003,United Kingdom
17155.0,443,2,272.36,United Kingdom
17157.0,371,7,2265.52,United Kingdom
17158.0,72,1,413.79,United Kingdom
17160.0,380,3,1680.23,United Kingdom
17162.0,17,1,424.41,United Kingdom
17163.0,387,1,141.24,United Kingdom
17165.0,407,2,702.64,United Kingdom
17171.0,373,1,159.68,United Kingdom
17172.0,438,1,336.82,United Kingdom
17175.0,7,1,519.08,United Kingdom
17176.0,388,1,286.34,United Kingdom
17178.0,442,1,436.71,United Kingdom
17179.0,72,1,243.0,United Kingdom
17180.0,27,2,421.2,United Kingdom
17181.0,85,1,155.52,United Kingdom
17182.0,429,1,178.5,United Kingdom
17184.0,441,1,50.55,United Kingdom
17188.0,27,5,2136.95,United Kingdom
17189.0,70,3,671.89,United Kingdom
17191.0,79,5,1047.92,United Kingdom
17193.0,449,1,45.0,United Kingdom
17194.0,72,1,252.62,United Kingdom
17195.0,367,1,562.98,United Kingdom
17198.0,77,2,521.66,United Kingdom
17201.0,379,1,480.82,United Kingdom
17209.0,440,2,373.20000000000005,United Kingdom
17211.0,64,6,1726.97,United Kingdom
17213.0,27,6,1991.43,United Kingdom
17214.0,4,3,453.1,United Kingdom
17218.0,45,5,1163.37,United Kingdom
17220.0,24,4,982.6,United Kingdom
17222.0,409,1,194.25,United Kingdom
17223.0,21,2,426.79,United Kingdom
17226.0,20,2,819.12,United Kingdom
17227.0,80,2,350.35,United Kingdom
17228.0,23,3,479.38,United Kingdom
17230.0,22,13,7949.15,United Kingdom
17231.0,9,8,1718.56,United Kingdom
17233.0,436,1,179.36,United Kingdom
17235.0,83,1,341.9,United Kingdom
17236.0,11,3,445.37,United Kingdom
17238.0,34,6,1068.54,United Kingdom
17239.0,24,1,382.5,United Kingdom
17241.0,373,1,541.8000000000001,United Kingdom
17242.0,396,1,441.26,United Kingdom
17243.0,14,20,6844.37,United Kingdom
17244.0,445,1,260.65,United Kingdom
17245.0,400,1,200.18,United Kingdom
17246.0,449,1,23.48,United Kingdom
17251.0,74,2,589.6800000000001,United Kingdom
17255.0,10,1,112.46,United Kingdom
17256.0,23,1,127.89999999999999,United Kingdom
17258.0,376,1,283.85,United Kingdom
17259.0,80,2,691.51,United Kingdom
17262.0,78,2,438.36,United Kingdom
17268.0,443,1,155.7,United Kingdom
17270.0,443,1,389.62,United Kingdom
17271.0,447,1,210.39,United Kingdom
17277.0,34,1,717.02,United Kingdom
17281.0,385,1,112.5,United Kingdom
17282.0,11,1,741.85,United Kingdom
17284.0,47,1,716.11,United Kingdom
17285.0,374,1,212.9,United Kingdom
17287.0,79,8,959.97,United Kingdom
17288.0,6,3,290.52,United Kingdom
17290.0,438,1,56.45,United Kingdom
17291.0,20,1,550.8000000000001,United Kingdom
17293.0,19,5,1039.34,United Kingdom
17294.0,380,2,467.78999999999996,United Kingdom
17296.0,441,1,338.13,United Kingdom
17302.0,17,1,182.85,United Kingdom
17303.0,73,1,250.04,United Kingdom
17306.0,8,3,1674.88,United Kingdom
17307.0,400,2,381.6,United Kingdom
17309.0,384,1,220.09,United Kingdom
17311.0,28,2,1065.92,United Kingdom
17314.0,23,4,816.3000000000001,United Kingdom
17315.0,2,7,1069.99,United Kingdom
17318.0,437,1,164.28,United Kingdom
17319.0,380,1,29.1,United Kingdom
17320.0,79,2,774.58,United Kingdom
17322.0,448,1,114.55,United Kingdom
17323.0,3,2,289.29,United Kingdom
17324.0,43,3,803.27,United Kingdom
17328.0,384,1,104.7,United Kingdom
17329.0,26,4,724.6800000000001,United Kingdom
17332.0,367,1,268.86,United Kingdom
17334.0,13,2,307.02,United Kingdom
17335.0,396,1,154.77,United Kingdom
17337.0,21,1,1026.72,United Kingdom
17338.0,2,3,2656.15,United Kingdom
17339.0,76,1,60.0,United Kingdom
17340.0,65,3,5227.38,United Kingdom
17341.0,78,1,513.6,United Kingdom
17342.0,372,2,626.14,United Kingdom
17343.0,66,3,654.77,United Kingdom
17344.0,440,1,307.54,United Kingdom
17345.0,449,1,329.90999999999997,United Kingdom
17346.0,10,3,353.41,United Kingdom
17348.0,9,1,160.15,United Kingdom
17350.0,387,1,342.25100000000003,United Kingdom
17351.0,372,4,647.13,United Kingdom
17352.0,407,1,36.25,United Kingdom
17356.0,23,2,479.8,United Kingdom
17358.0,14,2,365.85,United Kingdom
17361.0,3,3,437.44,United Kingdom
17362.0,21,3,412.92,United Kingdom
17364.0,42,6,2472.77,United Kingdom
17365.0,44,3,1195.56,United Kingdom
17368.0,42,3,899.3199999999999,United Kingdom
17371.0,72,3,251.92,United Kingdom
17372.0,28,8,1324.76,United Kingdom
17373.0,24,1,145.25,United Kingdom
17375.0,23,2,286.37,United Kingdom
17376.0,22,1,105.85,United Kingdom
17377.0,14,16,4143.82,United Kingdom
17381.0,6,8,7179.46,United Kingdom
17388.0,441,1,228.96,United Kingdom
17389.0,6,6,1682.28,United Kingdom
17392.0,18,2,457.91,United Kingdom
17396.0,83,1,397.5,United Kingdom
17400.0,64,3,2199.48,United Kingdom
17402.0,40,5,701.5699999999999,United Kingdom
17404.0,27,6,9828.93,Sweden
17406.0,44,5,2893.54,United Kingdom
17409.0,398,2,1712.08,United Kingdom
17411.0,448,1,344.40000000000003,United Kingdom
17412.0,14,7,1866.71,United Kingdom
17414.0,447,1,239.68,United Kingdom
17416.0,436,1,659.4,United Kingdom
17418.0,35,1,167.39000000000001,United Kingdom
17419.0,6,5,1253.17,United Kingdom
17420.0,85,1,130.85,United Kingdom
17421.0,446,1,130.8,United Kingdom
17422.0,7,1,321.25,United Kingdom
17426.0,371,1,521.96,United Kingdom
17428.0,1,10,6314.74,United Kingdom
17430.0,77,1,112.6,United Kingdom
17431.0,24,1,403.3,United Kingdom
17432.0,447,1,174.85,United Kingdom
17436.0,444,1,76.5,United Kingdom
17439.0,367,1,325.74,United Kingdom
17441.0,444,1,293.35,United Kingdom
17442.0,2,2,958.4,United Kingdom
17446.0,21,1,68.10000000000001,United Kingdom
17449.0,71,2,982.94,United Kingdom
17450.0,44,5,20649.04,United Kingdom
17454.0,11,3,457.0,United Kingdom
17456.0,76,1,249.86,United Kingdom
17457.0,20,4,1832.46,United Kingdom
17460.0,29,4,442.58000000000004,United Kingdom
17463.0,24,1,709.51,United Kingdom
17465.0,391,3,1084.8700000000001,United Kingdom
17469.0,370,3,1020.99,United Kingdom
17470.0,79,1,178.4,United Kingdom
17472.0,10,1,252.51,United Kingdom
17476.0,449,1,260.36,United Kingdom
17487.0,439,1,160.55,United Kingdom
17491.0,37,2,632.9200000000001,United Kingdom
17496.0,70,2,625.71,United Kingdom
17499.0,1,1,622.88,United Kingdom
17504.0,34,2,769.9,United Kingdom
17507.0,20,1,340.56,United Kingdom
17508.0,405,2,1470.22,Greece
17511.0,1,10,34119.86,United Kingdom
17512.0,2,4,1516.1000000000001,United Kingdom
17514.0,380,1,334.18,United Kingdom
17515.0,29,1,231.48,United Kingdom
17517.0,20,1,153.94,United Kingdom
17519.0,79,3,946.14,United Kingdom
17524.0,72,1,145.0,United Kingdom
17525.0,71,1,422.70000000000005,United Kingdom
17526.0,2,5,1656.87,United Kingdom
17529.0,409,1,858.27,United Kingdom
17530.0,8,3,909.01,United Kingdom
17536.0,394,1,34.78,United Kingdom
17537.0,15,1,630.7,United Kingdom
17539.0,410,2,452.83,United Kingdom
17540.0,27,1,268.8,United Kingdom
17547.0,376,1,404.55,United Kingdom
17550.0,381,1,301.56,United Kingdom
17551.0,70,1,306.84,United Kingdom
17552.0,83,2,298.52,United Kingdom
17555.0,46,1,195.45,United Kingdom
17557.0,444,1,34.0,United Kingdom
17560.0,22,2,385.3,United Kingdom
17561.0,445,1,192.26999999999998,United Kingdom
17567.0,8,2,942.8,United Kingdom
17569.0,43,1,344.14,United Kingdom
17571.0,9,1,284.35,United Kingdom
17572.0,85,2,133.11,United Kingdom
17575.0,378,1,171.7,United Kingdom
17576.0,6,10,1967.97,United Kingdom
17577.0,380,1,112.4,United Kingdom
17580.0,23,2,168.02,United Kingdom
17581.0,41,9,2424.68,United Kingdom
17584.0,395,1,462.05,United Kingdom
17585.0,49,1,417.81,United Kingdom
17591.0,10,4,1011.8100000000001,United Kingdom
17592.0,450,1,148.3,United Kingdom
17593.0,64,4,2550.34,United Kingdom
17596.0,80,2,869.98,United Kingdom
17602.0,35,1,767.0500000000001,United Kingdom
17603.0,390,2,1072.1100000000001,United Kingdom
17604.0,23,2,293.32,United Kingdom
17606.0,449,1,87.30000000000001,United Kingdom
17609.0,13,2,537.6899999999999,United Kingdom
17610.0,366,4,1417.69,United Kingdom
17611.0,32,5,2006.1,United Kingdom
17612.0,9,3,811.31,United Kingdom
17613.0,17,1,586.8,United Kingdom
17616.0,79,1,326.4,United Kingdom
17618.0,73,2,756.63,United Kingdom
17619.0,23,1,218.52,United Kingdom
17621.0,24,2,901.78,United Kingdom
17623.0,436,1,197.05,United Kingdom
17624.0,431,1,316.83,United Kingdom
17625.0,389,2,1648.94,United Kingdom
17629.0,71,1,238.65,United Kingdom
17631.0,380,3,335.76,United Kingdom
17634.0,49,1,785.65,United Kingdom
17638.0,433,1,608.4,United Kingdom
17642.0,445,1,281.02,United Kingdom
17643.0,84,1,101.55,United Kingdom
17644.0,373,1,623.9300000000001,United Kingdom
17646.0,76,4,1226.25,United Kingdom
17647.0,380,2,198.6,United Kingdom
17655.0,15,2,990.0,United Kingdom
17659.0,10,3,474.95,United Kingdom
17660.0,448,1,163.47,United Kingdom
17662.0,373,2,412.92,United Kingdom
17667.0,10,2,1382.75,United Kingdom
17671.0,76,1,394.18,United Kingdom
17672.0,21,2,1292.73,United Kingdom
17673.0,31,1,402.41999999999996,United Kingdom
17674.0,80,1,300.66,United Kingdom
17675.0,12,15,6591.63,United Kingdom
17676.0,77,1,300.7,United Kingdom
17677.0,13,11,6406.0,United Kingdom
17679.0,407,3,770.1,United Kingdom
17681.0,394,2,479.2,United Kingdom
17682.0,80,1,391.5,United Kingdom
17685.0,19,5,1823.1200000000001,United Kingdom
17686.0,14,1,1592.61,United Kingdom
17690.0,38,6,1878.05,United Kingdom
17691.0,69,2,290.40000000000003,United Kingdom
17692.0,17,2,453.96,United Kingdom
17695.0,392,1,303.9,United Kingdom
17696.0,76,5,1025.92,United Kingdom
17700.0,394,2,1084.97,United Kingdom
17705.0,13,1,136.3,United Kingdom
17706.0,1,6,3166.92,United Kingdom
17707.0,48,2,134.7,United Kingdom
17708.0,36,1,110.6,United Kingdom
17711.0,1,1,220.53000000000003,United Kingdom
17714.0,32,1,153.0,United Kingdom
17716.0,448,1,520.2,United Kingdom
17720.0,79,1,102.0,United Kingdom
17721.0,370,1,307.21000000000004,United Kingdom
17722.0,36,2,1743.58,United Kingdom
17726.0,393,1,108.84,United Kingdom
17730.0,9,2,687.04,United Kingdom
17731.0,380,1,373.1,United Kingdom
17732.0,84,1,303.97,United Kingdom
17735.0,29,2,1048.64,United Kingdom
17739.0,44,6,2463.01,United Kingdom
17740.0,409,1,60.300000000000004,United Kingdom
17742.0,44,3,800.62,United Kingdom
17744.0,34,3,1008.4,United Kingdom
17752.0,70,1,80.64,United Kingdom
17753.0,413,1,30.45,United Kingdom
17754.0,405,3,1055.1100000000001,United Kingdom
17757.0,3,10,1380.88,United Kingdom
17760.0,84,1,172.54,United Kingdom
17763.0,370,1,18.05,United Kingdom
17764.0,447,1,194.65,United Kingdom
17768.0,391,3,595.27,United Kingdom
17769.0,32,2,647.11,United Kingdom
17771.0,34,1,115.8,United Kingdom
17773.0,401,1,376.25,United Kingdom
17774.0,17,2,766.14,United Kingdom
17776.0,434,1,215.75,United Kingdom
17778.0,373,1,197.70000000000002,United Kingdom
17780.0,378,3,352.91,United Kingdom
17786.0,28,1,114.85,United Kingdom
17787.0,16,3,1716.17,United Kingdom
17789.0,373,1,171.25,United Kingdom
17790.0,13,6,516.35,United Kingdom
17794.0,398,2,147.3,United Kingdom
17796.0,25,3,622.0,United Kingdom
17797.0,393,2,314.73,United Kingdom
17799.0,31,5,1973.51,United Kingdom
17800.0,45,1,136.05,United Kingdom
17801.0,403,1,409.69,United Kingdom
17802.0,83,3,623.15,United Kingdom
17804.0,450,1,124.95,United Kingdom
17807.0,415,1,189.68,United Kingdom
17809.0,13,7,3277.4,United Kingdom
17810.0,380,2,374.81,United Kingdom
17811.0,2,8,2647.27,United Kingdom
17812.0,79,1,217.54999999999998,United Kingdom
17816.0,76,3,75.76,United Kingdom
17818.0,449,1,130.18,United Kingdom
17819.0,8,5,2993.22,United Kingdom
17825.0,437,3,467.46,United Kingdom
17827.0,76,3,1271.8,United Kingdom
17829.0,10,2,2199.54,United Arab Emirates
17833.0,434,1,342.36,United Kingdom
17838.0,3,3,1687.7,United Kingdom
17841.0,1,43,11718.54,United Kingdom
17843.0,14,1,205.48,United Kingdom
17848.0,21,6,622.38,United Kingdom
17849.0,17,2,345.1,United Kingdom
17850.0,83,67,20871.39,United Kingdom
17851.0,404,4,1344.6,United Kingdom
17852.0,436,2,380.36,United Kingdom
17853.0,447,1,584.35,United Kingdom
17854.0,443,1,135.94,United Kingdom
17855.0,84,1,208.97,United Kingdom
17857.0,7,3,2127.54,United Kingdom
17858.0,16,8,4449.93,United Kingdom
17859.0,16,1,148.21,United Kingdom
17860.0,80,3,509.49,United Kingdom
17861.0,31,4,1360.6,United Kingdom
17862.0,35,1,330.9,United Kingdom
17863.0,22,2,890.6999999999999,United Kingdom
17865.0,7,10,6047.65,United Kingdom
17866.0,436,1,149.5,United Kingdom
17867.0,393,3,126.88,United Kingdom
17869.0,79,1,214.32,United Kingdom
17870.0,78,1,326.4,United Kingdom
17871.0,404,1,235.51999999999998,United Kingdom
17873.0,84,5,1509.7,United Kingdom
17875.0,399,1,167.1,United Kingdom
17876.0,387,1,777.4,United Kingdom
17880.0,76,2,630.52,United Kingdom
17881.0,15,1,133.35000000000002,United Kingdom
17884.0,23,9,1466.23,United Kingdom
17888.0,29,6,503.57,United Kingdom
17889.0,33,1,101.85,United Kingdom
17890.0,34,2,602.09,United Kingdom
17894.0,24,5,609.45,United Kingdom
17897.0,78,2,434.62,United Kingdom
17905.0,63,5,802.14,United Kingdom
17908.0,85,2,644.1899999999999,United Kingdom
17909.0,449,1,132.55,United Kingdom
17910.0,437,1,261.7,United Kingdom
17912.0,21,5,311.01,United Kingdom
17913.0,67,4,847.09,United Kingdom
17916.0,444,1,25.46,United Kingdom
17917.0,74,1,110.91,United Kingdom
17920.0,26,12,7464.52,United Kingdom
17924.0,13,2,502.20000000000005,United Kingdom
17925.0,84,1,244.08,United Kingdom
17927.0,433,1,294.0,United Kingdom
17929.0,20,2,588.6,United Kingdom
17931.0,372,1,357.39,United Kingdom
17935.0,446,1,106.25,United Kingdom
17937.0,10,3,2693.88,United Kingdom
17940.0,14,3,5474.79,United Kingdom
17941.0,370,2,822.72,United Kingdom
17945.0,408,3,360.35,United Kingdom
17949.0,1,27,20443.68,United Kingdom
17950.0,76,3,396.37,United Kingdom
17951.0,70,2,409.50000000000006,United Kingdom
17954.0,7,8,1616.49,United Kingdom
17955.0,367,2,392.6,United Kingdom
17958.0,439,1,465.42,United Kingdom
17961.0,8,28,1493.08,United Kingdom
17962.0,406,1,383.02,United Kingdom
17963.0,400,1,174.12,United Kingdom
17964.0,84,1,261.76,United Kingdom
17965.0,27,8,2320.51,United Kingdom
17966.0,402,2,392.42,United Kingdom
17967.0,83,1,123.07,United Kingdom
17968.0,85,1,277.35,United Kingdom
17969.0,72,9,1062.41,United Kingdom
17975.0,22,4,1379.73,United Kingdom
17976.0,83,1,353.19,United Kingdom
17978.0,76,3,589.8199999999999,United Kingdom
17980.0,70,1,295.2,United Kingdom
17982.0,392,1,138.18,United Kingdom
17984.0,450,1,229.46,United Kingdom
17988.0,38,4,255.31,United Kingdom
17990.0,65,3,648.7,United Kingdom
17994.0,2,1,307.25,United Kingdom
17998.0,449,2,319.19,United Kingdom
17999.0,77,1,190.34,United Kingdom
18001.0,448,1,176.6,United Kingdom
18002.0,443,1,44.32,United Kingdom
18004.0,73,1,169.47,United Kingdom
18006.0,434,1,71.4,United Kingdom
18008.0,30,4,1371.9599999999998,United Kingdom
18011.0,84,1,102.78999999999999,United Kingdom
18012.0,435,1,115.3,United Kingdom
18016.0,26,3,525.95,United Kingdom
18017.0,21,1,165.0,United Kingdom
18032.0,45,1,73.5,United Kingdom
18036.0,401,2,252.1,United Kingdom
18037.0,33,7,85.95,United Kingdom
18041.0,1,10,2515.53,United Kingdom
18043.0,78,1,316.46,United Kingdom
18044.0,72,1,74.25,United Kingdom
18050.0,70,1,74.4,United Kingdom
18051.0,366,6,1975.3,United Kingdom
18055.0,3,5,2394.03,United Kingdom
18057.0,402,1,297.32,United Kingdom
18058.0,379,1,301.2,United Kingdom
18061.0,2,9,2148.4900000000002,United Kingdom
18062.0,49,1,169.8,United Kingdom
18064.0,387,1,452.4,United Kingdom
18065.0,76,6,1118.25,United Kingdom
18069.0,38,1,297.66,United Kingdom
18070.0,381,1,314.1,United Kingdom
18071.0,77,3,666.5,United Kingdom
18074.0,85,1,489.6,United Kingdom
18075.0,15,3,610.6500000000001,United Kingdom
18077.0,30,7,1464.69,United Kingdom
18085.0,41,2,689.95,United Kingdom
18087.0,2,7,4813.0199999999995,United Kingdom
18092.0,41,8,6356.84,United Kingdom
18093.0,9,2,1117.52,United Kingdom
18094.0,3,2,1359.44,United Kingdom
18095.0,24,2,580.0500000000001,United Kingdom
18097.0,51,3,828.44,United Kingdom
18101.0,385,1,112.5,United Kingdom
18102.0,16,24,130008.05,United Kingdom
18106.0,41,3,735.01,United Kingdom
18108.0,449,1,493.25,United Kingdom
18109.0,15,6,1213.57,United Kingdom
18113.0,80,1,76.32000000000001,United Kingdom
18114.0,2,1,220.1,United Kingdom
18115.0,409,1,9.700000000000001,United Kingdom
18116.0,7,4,827.52,United Kingdom
18118.0,13,5,1277.95,United Kingdom
18119.0,79,1,181.12,United Kingdom
18125.0,6,2,732.21,United Kingdom
18134.0,406,1,302.15,United Kingdom
18136.0,31,1,288.99,United Kingdom
18138.0,6,1,152.65,United Kingdom
18144.0,30,4,1257.55,United Kingdom
18145.0,24,3,1282.75,United Kingdom
18151.0,1,1,312.55,United Kingdom
18153.0,370,1,246.22,United Kingdom
18155.0,3,1,113.93,United Kingdom
18156.0,81,1,206.23000000000002,United Kingdom
18159.0,12,1,530.15,United Kingdom
18161.0,31,1,301.53,United Kingdom
18162.0,444,1,379.16,United Kingdom
18168.0,14,6,1418.96,United Kingdom
18170.0,383,2,560.85,United Kingdom
18171.0,45,2,542.65,United Kingdom
18172.0,1,5,3665.89,United Kingdom
18175.0,387,1,176.1,United Kingdom
18176.0,69,1,476.35,United Kingdom
18177.0,435,1,334.5,United Kingdom
18178.0,20,3,1119.6200000000001,United Kingdom
18179.0,37,3,927.28,United Kingdom
18181.0,446,1,298.99,United Kingdom
18186.0,434,1,329.58,United Kingdom
18188.0,1,1,426.6,United Kingdom
18190.0,42,3,439.78000000000003,United Kingdom
18194.0,391,1,630.32,United Kingdom
18196.0,1,1,450.78,United Kingdom
18198.0,22,2,604.1,United Kingdom
18199.0,395,1,344.75,United Kingdom
18201.0,434,1,447.53000000000003,United Kingdom
18202.0,23,1,485.73,United Kingdom
18203.0,443,1,109.08,United Kingdom
18212.0,37,2,546.72,United Kingdom
18218.0,371,1,301.91999999999996,United Kingdom
18219.0,7,4,636.09,United Kingdom
18220.0,436,1,253.64000000000001,United Kingdom
18223.0,34,7,3869.15,United Kingdom
18225.0,16,4,1306.22,United Kingdom
18226.0,49,1,417.3,United Kingdom
18229.0,6,6,2032.9,United Kingdom
18230.0,14,1,464.82,United Kingdom
18231.0,370,4,1091.26,United Kingdom
18233.0,37,1,440.0,United Kingdom
18239.0,24,3,918.52,United Kingdom
18242.0,409,1,326.54,United Kingdom
18245.0,24,2,804.91,United Kingdom
18250.0,22,1,349.27,United Kingdom
18251.0,429,1,3284.88,United Kingdom
18252.0,409,3,746.77,United Kingdom
18257.0,2,3,724.1800000000001,United Kingdom
18259.0,77,3,1039.0,United Kingdom
18260.0,45,3,1096.15,United Kingdom
18267.0,384,1,269.37,United Kingdom
18268.0,380,3,1019.02,United Kingdom
18269.0,77,1,168.6,United Kingdom
18271.0,443,1,192.54999999999998,United Kingdom
18275.0,442,1,372.64,United Kingdom
18276.0,440,1,218.05,United Kingdom
18283.0,31,3,316.35,United Kingdom
18285.0,372,1,427.0,United Kingdom
18286.0,435,1,462.95,United Kingdom
